"","date",".rep",".sim","speciality","wl_type"
"1",2023-01-09,"1",1.89670859264015,"ENT","Deferred"
"2",2023-01-10,"1",1.89622538170315,"ENT","Deferred"
"3",2023-01-11,"1",1.93381517467677,"ENT","Deferred"
"4",2023-01-12,"1",1.967725749268,"ENT","Deferred"
"5",2023-01-13,"1",2.05459899639916,"ENT","Deferred"
"6",2023-01-14,"1",2.25784410917362,"ENT","Deferred"
"7",2023-01-15,"1",2.33329896431872,"ENT","Deferred"
"8",2023-01-16,"1",2.30533968882929,"ENT","Deferred"
"9",2023-01-17,"1",2.3933667005078,"ENT","Deferred"
"10",2023-01-18,"1",2.40347856797448,"ENT","Deferred"
"11",2023-01-19,"1",2.45192780099058,"ENT","Deferred"
"12",2023-01-20,"1",2.45729557417745,"ENT","Deferred"
"13",2023-01-21,"1",2.51750738963006,"ENT","Deferred"
"14",2023-01-22,"1",2.57502478273948,"ENT","Deferred"
"15",2023-01-23,"1",2.53575851455684,"ENT","Deferred"
"16",2023-01-24,"1",2.46252828077221,"ENT","Deferred"
"17",2023-01-25,"1",2.47736323421759,"ENT","Deferred"
"18",2023-01-26,"1",2.46931974828993,"ENT","Deferred"
"19",2023-01-27,"1",2.3387968679756,"ENT","Deferred"
"20",2023-01-28,"1",2.40262485851875,"ENT","Deferred"
"21",2023-01-29,"1",2.39594316131633,"ENT","Deferred"
"22",2023-01-30,"1",2.29622082732608,"ENT","Deferred"
"23",2023-01-31,"1",2.38078922705027,"ENT","Deferred"
"24",2023-02-01,"1",2.50720722830823,"ENT","Deferred"
"25",2023-02-02,"1",2.36310598182224,"ENT","Deferred"
"26",2023-02-03,"1",2.24988257965596,"ENT","Deferred"
"27",2023-02-04,"1",2.18947822288592,"ENT","Deferred"
"28",2023-02-05,"1",1.98438251009479,"ENT","Deferred"
"29",2023-02-06,"1",1.89209782163952,"ENT","Deferred"
"30",2023-02-07,"1",2.02744752585669,"ENT","Deferred"
"31",2023-02-08,"1",2.01910986914506,"ENT","Deferred"
"32",2023-02-09,"1",1.91470898082126,"ENT","Deferred"
"33",2023-02-10,"1",2.051892503345,"ENT","Deferred"
"34",2023-02-11,"1",2.16340408455946,"ENT","Deferred"
"35",2023-02-12,"1",2.06810935389715,"ENT","Deferred"
"36",2023-02-13,"1",1.90103993898617,"ENT","Deferred"
"37",2023-02-14,"1",2.06369554477498,"ENT","Deferred"
"38",2023-02-15,"1",2.10893388953446,"ENT","Deferred"
"39",2023-02-16,"1",2.11196638426882,"ENT","Deferred"
"40",2023-02-17,"1",1.88029629286814,"ENT","Deferred"
"41",2023-02-18,"1",1.91864992810185,"ENT","Deferred"
"42",2023-02-19,"1",1.75314897100328,"ENT","Deferred"
"43",2023-02-20,"1",1.81105778217929,"ENT","Deferred"
"44",2023-02-21,"1",1.63155388941359,"ENT","Deferred"
"45",2023-02-22,"1",1.43376065897085,"ENT","Deferred"
"46",2023-02-23,"1",1.52328581634503,"ENT","Deferred"
"47",2023-02-24,"1",1.54165738709737,"ENT","Deferred"
"48",2023-02-25,"1",1.46399666599718,"ENT","Deferred"
"49",2023-02-26,"1",1.36206015710121,"ENT","Deferred"
"50",2023-02-27,"1",1.36618606253445,"ENT","Deferred"
"51",2023-02-28,"1",1.23541111716829,"ENT","Deferred"
"52",2023-03-01,"1",1.22803713857707,"ENT","Deferred"
"53",2023-03-02,"1",1.30405542006515,"ENT","Deferred"
"54",2023-03-03,"1",1.44132949723632,"ENT","Deferred"
"55",2023-03-04,"1",1.52798504268706,"ENT","Deferred"
"56",2023-03-05,"1",1.64258743754334,"ENT","Deferred"
"57",2023-03-06,"1",1.58020506560756,"ENT","Deferred"
"58",2023-03-07,"1",1.63298698384983,"ENT","Deferred"
"59",2023-03-08,"1",1.73343461273508,"ENT","Deferred"
"60",2023-03-09,"1",1.6575159255379,"ENT","Deferred"
"61",2023-03-10,"1",1.8149464200895,"ENT","Deferred"
"62",2023-03-11,"1",1.79836549435302,"ENT","Deferred"
"63",2023-03-12,"1",1.7173303873229,"ENT","Deferred"
"64",2023-03-13,"1",1.71668144239944,"ENT","Deferred"
"65",2023-03-14,"1",1.63047019085488,"ENT","Deferred"
"66",2023-03-15,"1",1.80713341726113,"ENT","Deferred"
"67",2023-03-16,"1",1.81658244282984,"ENT","Deferred"
"68",2023-03-17,"1",1.75176319929094,"ENT","Deferred"
"69",2023-03-18,"1",1.5967369087216,"ENT","Deferred"
"70",2023-03-19,"1",1.61702401478131,"ENT","Deferred"
"71",2023-03-20,"1",1.48264640714108,"ENT","Deferred"
"72",2023-03-21,"1",1.51078006689597,"ENT","Deferred"
"73",2023-03-22,"1",1.49165571721059,"ENT","Deferred"
"74",2023-03-23,"1",1.41031506015856,"ENT","Deferred"
"75",2023-03-24,"1",1.32883338390699,"ENT","Deferred"
"76",2023-03-25,"1",1.29310599559379,"ENT","Deferred"
"77",2023-03-26,"1",1.46017775028386,"ENT","Deferred"
"78",2023-03-27,"1",1.64478372482745,"ENT","Deferred"
"79",2023-03-28,"1",1.61648033049355,"ENT","Deferred"
"80",2023-03-29,"1",1.72753786649863,"ENT","Deferred"
"81",2023-03-30,"1",1.83547152558372,"ENT","Deferred"
"82",2023-03-31,"1",1.76711080921006,"ENT","Deferred"
"83",2023-04-01,"1",1.92183278073873,"ENT","Deferred"
"84",2023-04-02,"1",1.98387135031219,"ENT","Deferred"
"85",2023-04-03,"1",2.04907824523822,"ENT","Deferred"
"86",2023-04-04,"1",2.20712951672618,"ENT","Deferred"
"87",2023-04-05,"1",2.15496177091026,"ENT","Deferred"
"88",2023-04-06,"1",2.2565336218484,"ENT","Deferred"
"89",2023-04-07,"1",2.27029363725938,"ENT","Deferred"
"90",2023-04-08,"1",2.23005199040262,"ENT","Deferred"
"91",2023-04-09,"1",2.09344729448819,"ENT","Deferred"
"92",2023-04-10,"1",2.2422211315534,"ENT","Deferred"
"93",2023-04-11,"1",2.15512476785304,"ENT","Deferred"
"94",2023-04-12,"1",2.19235981912226,"ENT","Deferred"
"95",2023-04-13,"1",1.96952062649693,"ENT","Deferred"
"96",2023-04-14,"1",1.95411934048657,"ENT","Deferred"
"97",2023-04-15,"1",1.94557238908132,"ENT","Deferred"
"98",2023-04-16,"1",1.98578907635714,"ENT","Deferred"
"99",2023-04-17,"1",2.21126648067098,"ENT","Deferred"
"100",2023-04-18,"1",2.08328640714594,"ENT","Deferred"
"101",2023-04-19,"1",2.06466336321651,"ENT","Deferred"
"102",2023-04-20,"1",2.10583678530983,"ENT","Deferred"
"103",2023-04-21,"1",2.05827572886125,"ENT","Deferred"
"104",2023-04-22,"1",1.95525745209624,"ENT","Deferred"
"105",2023-04-23,"1",1.99981115532258,"ENT","Deferred"
"106",2023-04-24,"1",2.10990701654821,"ENT","Deferred"
"107",2023-04-25,"1",2.21677179586398,"ENT","Deferred"
"108",2023-04-26,"1",1.92739494338606,"ENT","Deferred"
"109",2023-04-27,"1",1.81702477838588,"ENT","Deferred"
"110",2023-04-28,"1",1.84556114449255,"ENT","Deferred"
"111",2023-04-29,"1",1.92219870110918,"ENT","Deferred"
"112",2023-04-30,"1",2.05609172363875,"ENT","Deferred"
"113",2023-05-01,"1",2.20444787685509,"ENT","Deferred"
"114",2023-05-02,"1",2.2766442952505,"ENT","Deferred"
"115",2023-05-03,"1",2.09044073037874,"ENT","Deferred"
"116",2023-05-04,"1",2.03172074540357,"ENT","Deferred"
"117",2023-05-05,"1",2.0678021603077,"ENT","Deferred"
"118",2023-05-06,"1",2.13454485022243,"ENT","Deferred"
"119",2023-05-07,"1",2.05762321241215,"ENT","Deferred"
"120",2023-05-08,"1",2.01485861267591,"ENT","Deferred"
"121",2023-05-09,"1",2.12067533803044,"ENT","Deferred"
"122",2023-05-10,"1",2.08144058337051,"ENT","Deferred"
"123",2023-05-11,"1",1.94211775029267,"ENT","Deferred"
"124",2023-05-12,"1",1.72115250459256,"ENT","Deferred"
"125",2023-05-13,"1",1.79616061101702,"ENT","Deferred"
"126",2023-05-14,"1",1.76322215270339,"ENT","Deferred"
"127",2023-05-15,"1",1.85174879871091,"ENT","Deferred"
"128",2023-05-16,"1",1.68906304506473,"ENT","Deferred"
"129",2023-05-17,"1",1.6640646645592,"ENT","Deferred"
"130",2023-05-18,"1",1.65123743285852,"ENT","Deferred"
"131",2023-05-19,"1",1.6304102412624,"ENT","Deferred"
"132",2023-05-20,"1",1.52762659295105,"ENT","Deferred"
"133",2023-05-21,"1",1.50226975348675,"ENT","Deferred"
"134",2023-05-22,"1",1.67152932162663,"ENT","Deferred"
"135",2023-05-23,"1",1.62417543921892,"ENT","Deferred"
"136",2023-05-24,"1",1.48381347937491,"ENT","Deferred"
"137",2023-05-25,"1",1.20483766407001,"ENT","Deferred"
"138",2023-05-26,"1",1.36623420862423,"ENT","Deferred"
"139",2023-05-27,"1",1.49802244753555,"ENT","Deferred"
"140",2023-05-28,"1",1.613043025546,"ENT","Deferred"
"141",2023-05-29,"1",1.77383391555033,"ENT","Deferred"
"142",2023-05-30,"1",1.81519566575705,"ENT","Deferred"
"143",2023-05-31,"1",1.72000651920206,"ENT","Deferred"
"144",2023-06-01,"1",1.72445621313049,"ENT","Deferred"
"145",2023-06-02,"1",1.75317593803018,"ENT","Deferred"
"146",2023-06-03,"1",1.69513257552768,"ENT","Deferred"
"147",2023-06-04,"1",1.60905896281737,"ENT","Deferred"
"148",2023-06-05,"1",1.43440803160662,"ENT","Deferred"
"149",2023-06-06,"1",1.63499231817272,"ENT","Deferred"
"150",2023-06-07,"1",1.55316985951244,"ENT","Deferred"
"151",2023-06-08,"1",1.36778103258514,"ENT","Deferred"
"152",2023-06-09,"1",1.38492719077168,"ENT","Deferred"
"153",2023-06-10,"1",1.47870458563305,"ENT","Deferred"
"154",2023-06-11,"1",1.63313092441723,"ENT","Deferred"
"155",2023-06-12,"1",1.6958984052407,"ENT","Deferred"
"156",2023-06-13,"1",1.62764221915512,"ENT","Deferred"
"157",2023-06-14,"1",1.42981308056272,"ENT","Deferred"
"158",2023-06-15,"1",1.28605720503676,"ENT","Deferred"
"159",2023-06-16,"1",1.24448737571493,"ENT","Deferred"
"160",2023-06-17,"1",1.35444489855995,"ENT","Deferred"
"161",2023-06-18,"1",1.5144135257257,"ENT","Deferred"
"162",2023-06-19,"1",1.35271994266925,"ENT","Deferred"
"163",2023-06-20,"1",1.34199737614306,"ENT","Deferred"
"164",2023-06-21,"1",1.37486675260732,"ENT","Deferred"
"165",2023-06-22,"1",1.39748796603145,"ENT","Deferred"
"166",2023-06-23,"1",1.43755348892053,"ENT","Deferred"
"167",2023-06-24,"1",1.53881290156159,"ENT","Deferred"
"168",2023-06-25,"1",1.5180661162789,"ENT","Deferred"
"169",2023-06-26,"1",1.57651272278082,"ENT","Deferred"
"170",2023-06-27,"1",1.51052584958245,"ENT","Deferred"
"171",2023-06-28,"1",1.31684057330166,"ENT","Deferred"
"172",2023-06-29,"1",1.19089908920606,"ENT","Deferred"
"173",2023-06-30,"1",1.2635883948222,"ENT","Deferred"
"174",2023-07-01,"1",1.18712081163628,"ENT","Deferred"
"175",2023-07-02,"1",1.31279315268683,"ENT","Deferred"
"176",2023-07-03,"1",1.41438617252967,"ENT","Deferred"
"177",2023-07-04,"1",1.48186063506709,"ENT","Deferred"
"178",2023-07-05,"1",1.43520053462245,"ENT","Deferred"
"179",2023-07-06,"1",1.48442121394838,"ENT","Deferred"
"180",2023-07-07,"1",1.72877979837156,"ENT","Deferred"
"181",2023-07-08,"1",1.80960652131507,"ENT","Deferred"
"182",2023-07-09,"1",1.86466790971078,"ENT","Deferred"
"183",2023-07-10,"1",1.85433727915414,"ENT","Deferred"
"184",2023-07-11,"1",1.90531378449286,"ENT","Deferred"
"185",2023-07-12,"1",1.82226034787765,"ENT","Deferred"
"186",2023-07-13,"1",1.73630734805377,"ENT","Deferred"
"187",2023-07-14,"1",1.75119651156362,"ENT","Deferred"
"188",2023-07-15,"1",1.50298397460292,"ENT","Deferred"
"189",2023-07-16,"1",1.59830660915232,"ENT","Deferred"
"190",2023-07-17,"1",1.55793895877865,"ENT","Deferred"
"191",2023-07-18,"1",1.69484979026958,"ENT","Deferred"
"192",2023-07-19,"1",1.54016353888043,"ENT","Deferred"
"193",2023-07-20,"1",1.48511811748928,"ENT","Deferred"
"194",2023-07-21,"1",1.51605450122294,"ENT","Deferred"
"195",2023-07-22,"1",1.53696700541621,"ENT","Deferred"
"196",2023-07-23,"1",1.52762492157712,"ENT","Deferred"
"197",2023-07-24,"1",1.58473201601806,"ENT","Deferred"
"198",2023-07-25,"1",1.6251139389824,"ENT","Deferred"
"199",2023-07-26,"1",1.56492862341503,"ENT","Deferred"
"200",2023-07-27,"1",1.72068499446566,"ENT","Deferred"
"201",2023-07-28,"1",1.63521782381603,"ENT","Deferred"
"202",2023-07-29,"1",1.5444361816437,"ENT","Deferred"
"203",2023-07-30,"1",1.5207559770942,"ENT","Deferred"
"204",2023-07-31,"1",1.57025457657531,"ENT","Deferred"
"205",2023-08-01,"1",1.54738122271948,"ENT","Deferred"
"206",2023-08-02,"1",1.64186225452211,"ENT","Deferred"
"207",2023-08-03,"1",1.66276470298513,"ENT","Deferred"
"208",2023-08-04,"1",1.62576524335887,"ENT","Deferred"
"209",2023-08-05,"1",1.82290223511737,"ENT","Deferred"
"210",2023-08-06,"1",1.80590099113818,"ENT","Deferred"
"211",2023-08-07,"1",1.57065090572656,"ENT","Deferred"
"212",2023-08-08,"1",1.80111861688897,"ENT","Deferred"
"213",2023-08-09,"1",1.76624298957223,"ENT","Deferred"
"214",2023-08-10,"1",1.67518459869934,"ENT","Deferred"
"215",2023-08-11,"1",1.83335242089534,"ENT","Deferred"
"216",2023-08-12,"1",1.81615274897279,"ENT","Deferred"
"217",2023-08-13,"1",1.87317425605307,"ENT","Deferred"
"218",2023-08-14,"1",1.80670990585616,"ENT","Deferred"
"219",2023-08-15,"1",1.66704703452727,"ENT","Deferred"
"220",2023-08-16,"1",1.64926950845693,"ENT","Deferred"
"221",2023-08-17,"1",1.80437752916128,"ENT","Deferred"
"222",2023-08-18,"1",2.02109721764931,"ENT","Deferred"
"223",2023-08-19,"1",1.91551088741301,"ENT","Deferred"
"224",2023-08-20,"1",2.05739045574198,"ENT","Deferred"
"225",2023-08-21,"1",2.11944124058235,"ENT","Deferred"
"226",2023-08-22,"1",2.28562789766994,"ENT","Deferred"
"227",2023-08-23,"1",2.16766387847165,"ENT","Deferred"
"228",2023-08-24,"1",2.14499751183922,"ENT","Deferred"
"229",2023-08-25,"1",1.9840408369512,"ENT","Deferred"
"230",2023-08-26,"1",2.03992112240732,"ENT","Deferred"
"231",2023-08-27,"1",1.96994317600195,"ENT","Deferred"
"232",2023-08-28,"1",2.08355258073052,"ENT","Deferred"
"233",2023-08-29,"1",2.28187933917597,"ENT","Deferred"
"234",2023-08-30,"1",2.23326548716505,"ENT","Deferred"
"235",2023-08-31,"1",2.10543726689896,"ENT","Deferred"
"236",2023-09-01,"1",2.21581910596672,"ENT","Deferred"
"237",2023-09-02,"1",2.07414358105738,"ENT","Deferred"
"238",2023-09-03,"1",2.21708917075164,"ENT","Deferred"
"239",2023-09-04,"1",2.06555528007648,"ENT","Deferred"
"240",2023-09-05,"1",2.01303646498213,"ENT","Deferred"
"241",2023-09-06,"1",1.94319096914353,"ENT","Deferred"
"242",2023-09-07,"1",1.91134926896667,"ENT","Deferred"
"243",2023-09-08,"1",1.89011361599919,"ENT","Deferred"
"244",2023-09-09,"1",1.93595847887774,"ENT","Deferred"
"245",2023-09-10,"1",1.70568952982663,"ENT","Deferred"
"246",2023-09-11,"1",1.99319881084479,"ENT","Deferred"
"247",2023-09-12,"1",1.7869948069885,"ENT","Deferred"
"248",2023-09-13,"1",1.84498121030749,"ENT","Deferred"
"249",2023-09-14,"1",1.69265623866265,"ENT","Deferred"
"250",2023-09-15,"1",1.68697384207185,"ENT","Deferred"
"251",2023-09-16,"1",1.80664208962555,"ENT","Deferred"
"252",2023-09-17,"1",1.87196762066116,"ENT","Deferred"
"253",2023-09-18,"1",1.90927057996869,"ENT","Deferred"
"254",2023-09-19,"1",1.83962350070699,"ENT","Deferred"
"255",2023-09-20,"1",1.73031953193698,"ENT","Deferred"
"256",2023-09-21,"1",1.70441017600852,"ENT","Deferred"
"257",2023-09-22,"1",1.61581921971161,"ENT","Deferred"
"258",2023-09-23,"1",1.72306056376797,"ENT","Deferred"
"259",2023-09-24,"1",1.68630907467401,"ENT","Deferred"
"260",2023-09-25,"1",1.679836886161,"ENT","Deferred"
"261",2023-09-26,"1",2.05826781457847,"ENT","Deferred"
"262",2023-09-27,"1",1.96152064353262,"ENT","Deferred"
"263",2023-09-28,"1",1.81544040179023,"ENT","Deferred"
"264",2023-09-29,"1",1.78949755377783,"ENT","Deferred"
"265",2023-09-30,"1",1.5729259673932,"ENT","Deferred"
"266",2023-10-01,"1",1.55038385977481,"ENT","Deferred"
"267",2023-10-02,"1",1.69628216170322,"ENT","Deferred"
"268",2023-10-03,"1",1.76382986058376,"ENT","Deferred"
"269",2023-10-04,"1",1.68244132969194,"ENT","Deferred"
"270",2023-10-05,"1",1.59094058533755,"ENT","Deferred"
"271",2023-10-06,"1",1.48560720608996,"ENT","Deferred"
"272",2023-10-07,"1",1.52326406357368,"ENT","Deferred"
"273",2023-10-08,"1",1.50640430363462,"ENT","Deferred"
"274",2023-10-09,"1",1.56482125221972,"ENT","Deferred"
"275",2023-10-10,"1",1.49334353724987,"ENT","Deferred"
"276",2023-10-11,"1",1.347645444594,"ENT","Deferred"
"277",2023-10-12,"1",1.01228207473082,"ENT","Deferred"
"278",2023-10-13,"1",1.05678908379016,"ENT","Deferred"
"279",2023-10-14,"1",1.1074835125895,"ENT","Deferred"
"280",2023-10-15,"1",1.1330571249506,"ENT","Deferred"
"281",2023-10-16,"1",0,"ENT","Deferred"
"282",2023-10-17,"1",0,"ENT","Deferred"
"283",2023-10-18,"1",1.06861330165905,"ENT","Deferred"
"284",2023-10-19,"1",1.15081693828195,"ENT","Deferred"
"285",2023-10-20,"1",1.07452246316354,"ENT","Deferred"
"286",2023-10-21,"1",0,"ENT","Deferred"
"287",2023-10-22,"1",0,"ENT","Deferred"
"288",2023-10-23,"1",0,"ENT","Deferred"
"289",2023-10-24,"1",1.09757563320317,"ENT","Deferred"
"290",2023-10-25,"1",1.11558802814145,"ENT","Deferred"
"291",2023-10-26,"1",1.04117771462243,"ENT","Deferred"
"292",2023-10-27,"1",0,"ENT","Deferred"
"293",2023-10-28,"1",0,"ENT","Deferred"
"294",2023-10-29,"1",0,"ENT","Deferred"
"295",2023-10-30,"1",1.03702121420064,"ENT","Deferred"
"296",2023-10-31,"1",1.22312007437783,"ENT","Deferred"
"297",2023-11-01,"1",1.21519274749243,"ENT","Deferred"
"298",2023-11-02,"1",1.23761050128829,"ENT","Deferred"
"299",2023-11-03,"1",1.34355718804282,"ENT","Deferred"
"300",2023-11-04,"1",1.44487216635686,"ENT","Deferred"
"301",2023-11-05,"1",1.30789572143345,"ENT","Deferred"
"302",2023-11-06,"1",1.18817065380984,"ENT","Deferred"
"303",2023-11-07,"1",1.0599832340782,"ENT","Deferred"
"304",2023-11-08,"1",0,"ENT","Deferred"
"305",2023-11-09,"1",0,"ENT","Deferred"
"306",2023-11-10,"1",0,"ENT","Deferred"
"307",2023-11-11,"1",0,"ENT","Deferred"
"308",2023-11-12,"1",0,"ENT","Deferred"
"309",2023-11-13,"1",0,"ENT","Deferred"
"310",2023-11-14,"1",0,"ENT","Deferred"
"311",2023-11-15,"1",1.12128041877226,"ENT","Deferred"
"312",2023-11-16,"1",1.03032113517936,"ENT","Deferred"
"313",2023-11-17,"1",0,"ENT","Deferred"
"314",2023-11-18,"1",0,"ENT","Deferred"
"315",2023-11-19,"1",0,"ENT","Deferred"
"316",2023-11-20,"1",0,"ENT","Deferred"
"317",2023-11-21,"1",0,"ENT","Deferred"
"318",2023-11-22,"1",0,"ENT","Deferred"
"319",2023-11-23,"1",0,"ENT","Deferred"
"320",2023-11-24,"1",0,"ENT","Deferred"
"321",2023-11-25,"1",0,"ENT","Deferred"
"322",2023-11-26,"1",0,"ENT","Deferred"
"323",2023-11-27,"1",0,"ENT","Deferred"
"324",2023-11-28,"1",0,"ENT","Deferred"
"325",2023-11-29,"1",0,"ENT","Deferred"
"326",2023-11-30,"1",0,"ENT","Deferred"
"327",2023-12-01,"1",0,"ENT","Deferred"
"328",2023-12-02,"1",0,"ENT","Deferred"
"329",2023-12-03,"1",0,"ENT","Deferred"
"330",2023-12-04,"1",0,"ENT","Deferred"
"331",2023-12-05,"1",0,"ENT","Deferred"
"332",2023-12-06,"1",0,"ENT","Deferred"
"333",2023-12-07,"1",0,"ENT","Deferred"
"334",2023-12-08,"1",0,"ENT","Deferred"
"335",2023-12-09,"1",0,"ENT","Deferred"
"336",2023-12-10,"1",0,"ENT","Deferred"
"337",2023-12-11,"1",0,"ENT","Deferred"
"338",2023-12-12,"1",0,"ENT","Deferred"
"339",2023-12-13,"1",0,"ENT","Deferred"
"340",2023-12-14,"1",0,"ENT","Deferred"
"341",2023-12-15,"1",0,"ENT","Deferred"
"342",2023-12-16,"1",0,"ENT","Deferred"
"343",2023-12-17,"1",0,"ENT","Deferred"
"344",2023-12-18,"1",0,"ENT","Deferred"
"345",2023-12-19,"1",0,"ENT","Deferred"
"346",2023-12-20,"1",0,"ENT","Deferred"
"347",2023-12-21,"1",0,"ENT","Deferred"
"348",2023-12-22,"1",0,"ENT","Deferred"
"349",2023-12-23,"1",0,"ENT","Deferred"
"350",2023-12-24,"1",0,"ENT","Deferred"
"351",2023-12-25,"1",0,"ENT","Deferred"
"352",2023-12-26,"1",0,"ENT","Deferred"
"353",2023-12-27,"1",0,"ENT","Deferred"
"354",2023-12-28,"1",0,"ENT","Deferred"
"355",2023-12-29,"1",0,"ENT","Deferred"
"356",2023-12-30,"1",0,"ENT","Deferred"
"357",2023-12-31,"1",0,"ENT","Deferred"
"358",2024-01-01,"1",0,"ENT","Deferred"
"359",2024-01-02,"1",0,"ENT","Deferred"
"360",2024-01-03,"1",0,"ENT","Deferred"
"361",2024-01-04,"1",0,"ENT","Deferred"
"362",2024-01-05,"1",0,"ENT","Deferred"
"363",2024-01-06,"1",0,"ENT","Deferred"
"364",2024-01-07,"1",0,"ENT","Deferred"
"365",2024-01-08,"1",0,"ENT","Deferred"
"366",2023-01-09,"2",1.9666998668809,"ENT","Deferred"
"367",2023-01-10,"2",2.18806777473753,"ENT","Deferred"
"368",2023-01-11,"2",2.16531360283119,"ENT","Deferred"
"369",2023-01-12,"2",2.09405804080993,"ENT","Deferred"
"370",2023-01-13,"2",2.14218036400256,"ENT","Deferred"
"371",2023-01-14,"2",2.13327129034919,"ENT","Deferred"
"372",2023-01-15,"2",2.17288484334695,"ENT","Deferred"
"373",2023-01-16,"2",2.11873953421213,"ENT","Deferred"
"374",2023-01-17,"2",2.20456370208782,"ENT","Deferred"
"375",2023-01-18,"2",2.08694674587833,"ENT","Deferred"
"376",2023-01-19,"2",1.88378872667314,"ENT","Deferred"
"377",2023-01-20,"2",1.98354233968242,"ENT","Deferred"
"378",2023-01-21,"2",2.18226921765589,"ENT","Deferred"
"379",2023-01-22,"2",2.19957826263925,"ENT","Deferred"
"380",2023-01-23,"2",2.22540675858771,"ENT","Deferred"
"381",2023-01-24,"2",2.15169287839126,"ENT","Deferred"
"382",2023-01-25,"2",2.08200338420244,"ENT","Deferred"
"383",2023-01-26,"2",2.02069257450149,"ENT","Deferred"
"384",2023-01-27,"2",2.02958182834434,"ENT","Deferred"
"385",2023-01-28,"2",1.9844741519326,"ENT","Deferred"
"386",2023-01-29,"2",2.03549875668798,"ENT","Deferred"
"387",2023-01-30,"2",2.1721976477997,"ENT","Deferred"
"388",2023-01-31,"2",2.20371251565227,"ENT","Deferred"
"389",2023-02-01,"2",2.28395221134855,"ENT","Deferred"
"390",2023-02-02,"2",2.36565278959043,"ENT","Deferred"
"391",2023-02-03,"2",2.47223166285347,"ENT","Deferred"
"392",2023-02-04,"2",2.4582230837487,"ENT","Deferred"
"393",2023-02-05,"2",2.54529741178435,"ENT","Deferred"
"394",2023-02-06,"2",2.31816162859402,"ENT","Deferred"
"395",2023-02-07,"2",2.38796451004026,"ENT","Deferred"
"396",2023-02-08,"2",2.30113965539107,"ENT","Deferred"
"397",2023-02-09,"2",2.25527895589611,"ENT","Deferred"
"398",2023-02-10,"2",2.03135625437283,"ENT","Deferred"
"399",2023-02-11,"2",2.12784511626855,"ENT","Deferred"
"400",2023-02-12,"2",2.13748476779227,"ENT","Deferred"
"401",2023-02-13,"2",2.30559506141896,"ENT","Deferred"
"402",2023-02-14,"2",2.47133707334002,"ENT","Deferred"
"403",2023-02-15,"2",2.41833237683002,"ENT","Deferred"
"404",2023-02-16,"2",2.29112552772649,"ENT","Deferred"
"405",2023-02-17,"2",2.22883223178349,"ENT","Deferred"
"406",2023-02-18,"2",2.15312279242882,"ENT","Deferred"
"407",2023-02-19,"2",2.10578301924079,"ENT","Deferred"
"408",2023-02-20,"2",2.20621872684023,"ENT","Deferred"
"409",2023-02-21,"2",2.15893143757594,"ENT","Deferred"
"410",2023-02-22,"2",2.15251008926402,"ENT","Deferred"
"411",2023-02-23,"2",1.94151970086576,"ENT","Deferred"
"412",2023-02-24,"2",2.05558640103952,"ENT","Deferred"
"413",2023-02-25,"2",1.95266718538487,"ENT","Deferred"
"414",2023-02-26,"2",2.03175510842764,"ENT","Deferred"
"415",2023-02-27,"2",1.89362738049145,"ENT","Deferred"
"416",2023-02-28,"2",1.80557075741951,"ENT","Deferred"
"417",2023-03-01,"2",1.87852230589884,"ENT","Deferred"
"418",2023-03-02,"2",1.88790240014793,"ENT","Deferred"
"419",2023-03-03,"2",1.76377919907837,"ENT","Deferred"
"420",2023-03-04,"2",1.96724348002872,"ENT","Deferred"
"421",2023-03-05,"2",1.99843165494717,"ENT","Deferred"
"422",2023-03-06,"2",2.06085724710341,"ENT","Deferred"
"423",2023-03-07,"2",2.04947686900762,"ENT","Deferred"
"424",2023-03-08,"2",2.07042642534811,"ENT","Deferred"
"425",2023-03-09,"2",1.78110316483772,"ENT","Deferred"
"426",2023-03-10,"2",2.0019949797245,"ENT","Deferred"
"427",2023-03-11,"2",2.20092709884907,"ENT","Deferred"
"428",2023-03-12,"2",2.2882841039401,"ENT","Deferred"
"429",2023-03-13,"2",2.29032687397936,"ENT","Deferred"
"430",2023-03-14,"2",2.25262501586857,"ENT","Deferred"
"431",2023-03-15,"2",2.19076897026738,"ENT","Deferred"
"432",2023-03-16,"2",2.17459039063414,"ENT","Deferred"
"433",2023-03-17,"2",2.10441335914448,"ENT","Deferred"
"434",2023-03-18,"2",2.02503415167682,"ENT","Deferred"
"435",2023-03-19,"2",2.08833764916629,"ENT","Deferred"
"436",2023-03-20,"2",2.12544589249609,"ENT","Deferred"
"437",2023-03-21,"2",1.99135559659511,"ENT","Deferred"
"438",2023-03-22,"2",2.0413724093679,"ENT","Deferred"
"439",2023-03-23,"2",2.06867355807217,"ENT","Deferred"
"440",2023-03-24,"2",2.00643287321758,"ENT","Deferred"
"441",2023-03-25,"2",1.86428954241355,"ENT","Deferred"
"442",2023-03-26,"2",1.86986497562813,"ENT","Deferred"
"443",2023-03-27,"2",1.78898542322149,"ENT","Deferred"
"444",2023-03-28,"2",1.7183390400295,"ENT","Deferred"
"445",2023-03-29,"2",1.71020410203607,"ENT","Deferred"
"446",2023-03-30,"2",1.70341471476324,"ENT","Deferred"
"447",2023-03-31,"2",1.61837781944688,"ENT","Deferred"
"448",2023-04-01,"2",1.60203692183233,"ENT","Deferred"
"449",2023-04-02,"2",1.80319232061409,"ENT","Deferred"
"450",2023-04-03,"2",1.71705094444478,"ENT","Deferred"
"451",2023-04-04,"2",1.79854727443341,"ENT","Deferred"
"452",2023-04-05,"2",1.99468383859293,"ENT","Deferred"
"453",2023-04-06,"2",1.80662537314327,"ENT","Deferred"
"454",2023-04-07,"2",1.85997901283825,"ENT","Deferred"
"455",2023-04-08,"2",1.92246144108745,"ENT","Deferred"
"456",2023-04-09,"2",2.01785949785516,"ENT","Deferred"
"457",2023-04-10,"2",1.86637439640225,"ENT","Deferred"
"458",2023-04-11,"2",1.91718009694365,"ENT","Deferred"
"459",2023-04-12,"2",1.76477869103657,"ENT","Deferred"
"460",2023-04-13,"2",1.82017243059217,"ENT","Deferred"
"461",2023-04-14,"2",2.0542249117416,"ENT","Deferred"
"462",2023-04-15,"2",2.15544602155508,"ENT","Deferred"
"463",2023-04-16,"2",2.1572447134967,"ENT","Deferred"
"464",2023-04-17,"2",2.23162058831249,"ENT","Deferred"
"465",2023-04-18,"2",2.31545600537628,"ENT","Deferred"
"466",2023-04-19,"2",2.15167795135956,"ENT","Deferred"
"467",2023-04-20,"2",2.05769609509454,"ENT","Deferred"
"468",2023-04-21,"2",2.1277380964326,"ENT","Deferred"
"469",2023-04-22,"2",1.9968564859023,"ENT","Deferred"
"470",2023-04-23,"2",2.02043985432757,"ENT","Deferred"
"471",2023-04-24,"2",2.00213477924802,"ENT","Deferred"
"472",2023-04-25,"2",2.10962921346903,"ENT","Deferred"
"473",2023-04-26,"2",2.06524702842952,"ENT","Deferred"
"474",2023-04-27,"2",1.85753611729153,"ENT","Deferred"
"475",2023-04-28,"2",2.03812538907422,"ENT","Deferred"
"476",2023-04-29,"2",2.01470969560744,"ENT","Deferred"
"477",2023-04-30,"2",2.10880553803612,"ENT","Deferred"
"478",2023-05-01,"2",1.99649022305944,"ENT","Deferred"
"479",2023-05-02,"2",2.00678307927858,"ENT","Deferred"
"480",2023-05-03,"2",1.88103852104792,"ENT","Deferred"
"481",2023-05-04,"2",1.88177496160909,"ENT","Deferred"
"482",2023-05-05,"2",1.93600509392244,"ENT","Deferred"
"483",2023-05-06,"2",2.02385970913762,"ENT","Deferred"
"484",2023-05-07,"2",2.02480579049828,"ENT","Deferred"
"485",2023-05-08,"2",2.01301315211627,"ENT","Deferred"
"486",2023-05-09,"2",2.15979473885458,"ENT","Deferred"
"487",2023-05-10,"2",2.06891516524044,"ENT","Deferred"
"488",2023-05-11,"2",1.94265106886753,"ENT","Deferred"
"489",2023-05-12,"2",1.9517849398897,"ENT","Deferred"
"490",2023-05-13,"2",1.83752738623485,"ENT","Deferred"
"491",2023-05-14,"2",1.83381656748226,"ENT","Deferred"
"492",2023-05-15,"2",1.87845629392042,"ENT","Deferred"
"493",2023-05-16,"2",1.85883240289982,"ENT","Deferred"
"494",2023-05-17,"2",1.75219328710358,"ENT","Deferred"
"495",2023-05-18,"2",1.60446139332623,"ENT","Deferred"
"496",2023-05-19,"2",1.68973890836012,"ENT","Deferred"
"497",2023-05-20,"2",1.65009884982227,"ENT","Deferred"
"498",2023-05-21,"2",1.75943168556651,"ENT","Deferred"
"499",2023-05-22,"2",1.63517396286252,"ENT","Deferred"
"500",2023-05-23,"2",1.70828720609165,"ENT","Deferred"
"501",2023-05-24,"2",1.77316993204808,"ENT","Deferred"
"502",2023-05-25,"2",1.72729550234416,"ENT","Deferred"
"503",2023-05-26,"2",1.70291358068979,"ENT","Deferred"
"504",2023-05-27,"2",1.72234982159854,"ENT","Deferred"
"505",2023-05-28,"2",1.74835381418482,"ENT","Deferred"
"506",2023-05-29,"2",1.66845287417102,"ENT","Deferred"
"507",2023-05-30,"2",1.67895326248282,"ENT","Deferred"
"508",2023-05-31,"2",1.76323333530466,"ENT","Deferred"
"509",2023-06-01,"2",2.01595970568446,"ENT","Deferred"
"510",2023-06-02,"2",1.8597877534079,"ENT","Deferred"
"511",2023-06-03,"2",1.90907459033371,"ENT","Deferred"
"512",2023-06-04,"2",1.76734490902245,"ENT","Deferred"
"513",2023-06-05,"2",1.5388698493892,"ENT","Deferred"
"514",2023-06-06,"2",1.67991382253755,"ENT","Deferred"
"515",2023-06-07,"2",1.67976694071988,"ENT","Deferred"
"516",2023-06-08,"2",1.53487213986798,"ENT","Deferred"
"517",2023-06-09,"2",1.53164673028801,"ENT","Deferred"
"518",2023-06-10,"2",1.63743299783356,"ENT","Deferred"
"519",2023-06-11,"2",1.66165552587475,"ENT","Deferred"
"520",2023-06-12,"2",1.78058919567604,"ENT","Deferred"
"521",2023-06-13,"2",1.93112101611804,"ENT","Deferred"
"522",2023-06-14,"2",1.88319764041468,"ENT","Deferred"
"523",2023-06-15,"2",1.80935494489403,"ENT","Deferred"
"524",2023-06-16,"2",1.67772861212187,"ENT","Deferred"
"525",2023-06-17,"2",1.84914470561032,"ENT","Deferred"
"526",2023-06-18,"2",1.78791179082314,"ENT","Deferred"
"527",2023-06-19,"2",1.68399667653448,"ENT","Deferred"
"528",2023-06-20,"2",1.69085952119056,"ENT","Deferred"
"529",2023-06-21,"2",1.53396664344029,"ENT","Deferred"
"530",2023-06-22,"2",1.47309441906214,"ENT","Deferred"
"531",2023-06-23,"2",1.58222332089668,"ENT","Deferred"
"532",2023-06-24,"2",1.6039511786296,"ENT","Deferred"
"533",2023-06-25,"2",1.59904965689111,"ENT","Deferred"
"534",2023-06-26,"2",1.66279024237207,"ENT","Deferred"
"535",2023-06-27,"2",1.59293047072334,"ENT","Deferred"
"536",2023-06-28,"2",1.53804828005423,"ENT","Deferred"
"537",2023-06-29,"2",1.54560214537835,"ENT","Deferred"
"538",2023-06-30,"2",1.63722109962668,"ENT","Deferred"
"539",2023-07-01,"2",1.84346532100414,"ENT","Deferred"
"540",2023-07-02,"2",1.83657758620087,"ENT","Deferred"
"541",2023-07-03,"2",1.77467940038365,"ENT","Deferred"
"542",2023-07-04,"2",2.02841325909051,"ENT","Deferred"
"543",2023-07-05,"2",2.12145567491481,"ENT","Deferred"
"544",2023-07-06,"2",2.10791322779156,"ENT","Deferred"
"545",2023-07-07,"2",2.17272683187624,"ENT","Deferred"
"546",2023-07-08,"2",2.13693567723832,"ENT","Deferred"
"547",2023-07-09,"2",1.96805057829394,"ENT","Deferred"
"548",2023-07-10,"2",1.85773277763133,"ENT","Deferred"
"549",2023-07-11,"2",1.91116480097189,"ENT","Deferred"
"550",2023-07-12,"2",1.8137957570807,"ENT","Deferred"
"551",2023-07-13,"2",1.79274312798241,"ENT","Deferred"
"552",2023-07-14,"2",1.67213928895051,"ENT","Deferred"
"553",2023-07-15,"2",1.45755203787929,"ENT","Deferred"
"554",2023-07-16,"2",1.44930313449306,"ENT","Deferred"
"555",2023-07-17,"2",1.37722276923818,"ENT","Deferred"
"556",2023-07-18,"2",1.25140812148579,"ENT","Deferred"
"557",2023-07-19,"2",1.16319715388295,"ENT","Deferred"
"558",2023-07-20,"2",1.10417383232967,"ENT","Deferred"
"559",2023-07-21,"2",1.05320044974398,"ENT","Deferred"
"560",2023-07-22,"2",1.01463459262071,"ENT","Deferred"
"561",2023-07-23,"2",1.08594263402441,"ENT","Deferred"
"562",2023-07-24,"2",1.0172045506869,"ENT","Deferred"
"563",2023-07-25,"2",1.02353944814326,"ENT","Deferred"
"564",2023-07-26,"2",1.09674274103367,"ENT","Deferred"
"565",2023-07-27,"2",0,"ENT","Deferred"
"566",2023-07-28,"2",0,"ENT","Deferred"
"567",2023-07-29,"2",0,"ENT","Deferred"
"568",2023-07-30,"2",1.09953133029734,"ENT","Deferred"
"569",2023-07-31,"2",1.1342981813029,"ENT","Deferred"
"570",2023-08-01,"2",1.26667021933514,"ENT","Deferred"
"571",2023-08-02,"2",1.35056323580172,"ENT","Deferred"
"572",2023-08-03,"2",1.43130538819485,"ENT","Deferred"
"573",2023-08-04,"2",1.38250891312896,"ENT","Deferred"
"574",2023-08-05,"2",1.46596793948472,"ENT","Deferred"
"575",2023-08-06,"2",1.47657158201446,"ENT","Deferred"
"576",2023-08-07,"2",1.4818260229672,"ENT","Deferred"
"577",2023-08-08,"2",1.62844848416253,"ENT","Deferred"
"578",2023-08-09,"2",1.64265174174151,"ENT","Deferred"
"579",2023-08-10,"2",1.67010998891029,"ENT","Deferred"
"580",2023-08-11,"2",1.62969933185702,"ENT","Deferred"
"581",2023-08-12,"2",1.58194288786845,"ENT","Deferred"
"582",2023-08-13,"2",1.51382223110061,"ENT","Deferred"
"583",2023-08-14,"2",1.43578480804165,"ENT","Deferred"
"584",2023-08-15,"2",1.4015380060691,"ENT","Deferred"
"585",2023-08-16,"2",1.5197488884707,"ENT","Deferred"
"586",2023-08-17,"2",1.44671858827974,"ENT","Deferred"
"587",2023-08-18,"2",1.39944185195771,"ENT","Deferred"
"588",2023-08-19,"2",1.34083399758237,"ENT","Deferred"
"589",2023-08-20,"2",1.25188568589053,"ENT","Deferred"
"590",2023-08-21,"2",1.31105300367988,"ENT","Deferred"
"591",2023-08-22,"2",1.41177937276255,"ENT","Deferred"
"592",2023-08-23,"2",1.23442039781186,"ENT","Deferred"
"593",2023-08-24,"2",1.30608821870329,"ENT","Deferred"
"594",2023-08-25,"2",1.25299454284125,"ENT","Deferred"
"595",2023-08-26,"2",1.24717469730397,"ENT","Deferred"
"596",2023-08-27,"2",1.3532848967111,"ENT","Deferred"
"597",2023-08-28,"2",1.30259055289817,"ENT","Deferred"
"598",2023-08-29,"2",1.51068122690964,"ENT","Deferred"
"599",2023-08-30,"2",1.69819010930089,"ENT","Deferred"
"600",2023-08-31,"2",1.64827800278596,"ENT","Deferred"
"601",2023-09-01,"2",1.62881694654101,"ENT","Deferred"
"602",2023-09-02,"2",1.57979615131129,"ENT","Deferred"
"603",2023-09-03,"2",1.5509292262784,"ENT","Deferred"
"604",2023-09-04,"2",1.46110937178585,"ENT","Deferred"
"605",2023-09-05,"2",1.36413762559609,"ENT","Deferred"
"606",2023-09-06,"2",1.4602218823695,"ENT","Deferred"
"607",2023-09-07,"2",1.5473520337646,"ENT","Deferred"
"608",2023-09-08,"2",1.4494460001161,"ENT","Deferred"
"609",2023-09-09,"2",1.35948632986005,"ENT","Deferred"
"610",2023-09-10,"2",1.43314209931102,"ENT","Deferred"
"611",2023-09-11,"2",1.36429474641117,"ENT","Deferred"
"612",2023-09-12,"2",1.49499528233322,"ENT","Deferred"
"613",2023-09-13,"2",1.45517889575154,"ENT","Deferred"
"614",2023-09-14,"2",1.27760947381682,"ENT","Deferred"
"615",2023-09-15,"2",1.30944176543114,"ENT","Deferred"
"616",2023-09-16,"2",1.34722180042256,"ENT","Deferred"
"617",2023-09-17,"2",1.33611020361463,"ENT","Deferred"
"618",2023-09-18,"2",1.44067653844571,"ENT","Deferred"
"619",2023-09-19,"2",1.46444565102999,"ENT","Deferred"
"620",2023-09-20,"2",1.56126652444609,"ENT","Deferred"
"621",2023-09-21,"2",1.41848080488716,"ENT","Deferred"
"622",2023-09-22,"2",1.23829546131429,"ENT","Deferred"
"623",2023-09-23,"2",1.31807994157554,"ENT","Deferred"
"624",2023-09-24,"2",1.26307822159051,"ENT","Deferred"
"625",2023-09-25,"2",1.15514605696437,"ENT","Deferred"
"626",2023-09-26,"2",1.27465081292198,"ENT","Deferred"
"627",2023-09-27,"2",1.58231077778449,"ENT","Deferred"
"628",2023-09-28,"2",1.48352778403313,"ENT","Deferred"
"629",2023-09-29,"2",1.39362034336438,"ENT","Deferred"
"630",2023-09-30,"2",1.46067527112746,"ENT","Deferred"
"631",2023-10-01,"2",1.42265437251601,"ENT","Deferred"
"632",2023-10-02,"2",1.32897622568234,"ENT","Deferred"
"633",2023-10-03,"2",1.16165546337001,"ENT","Deferred"
"634",2023-10-04,"2",1.10215637432429,"ENT","Deferred"
"635",2023-10-05,"2",0,"ENT","Deferred"
"636",2023-10-06,"2",0,"ENT","Deferred"
"637",2023-10-07,"2",0,"ENT","Deferred"
"638",2023-10-08,"2",0,"ENT","Deferred"
"639",2023-10-09,"2",0,"ENT","Deferred"
"640",2023-10-10,"2",0,"ENT","Deferred"
"641",2023-10-11,"2",0,"ENT","Deferred"
"642",2023-10-12,"2",0,"ENT","Deferred"
"643",2023-10-13,"2",0,"ENT","Deferred"
"644",2023-10-14,"2",0,"ENT","Deferred"
"645",2023-10-15,"2",0,"ENT","Deferred"
"646",2023-10-16,"2",0,"ENT","Deferred"
"647",2023-10-17,"2",0,"ENT","Deferred"
"648",2023-10-18,"2",0,"ENT","Deferred"
"649",2023-10-19,"2",0,"ENT","Deferred"
"650",2023-10-20,"2",0,"ENT","Deferred"
"651",2023-10-21,"2",1.04266719233219,"ENT","Deferred"
"652",2023-10-22,"2",1.10867808418071,"ENT","Deferred"
"653",2023-10-23,"2",1.03033210133096,"ENT","Deferred"
"654",2023-10-24,"2",1.1618173872018,"ENT","Deferred"
"655",2023-10-25,"2",1.12819355044611,"ENT","Deferred"
"656",2023-10-26,"2",0,"ENT","Deferred"
"657",2023-10-27,"2",0,"ENT","Deferred"
"658",2023-10-28,"2",1.10480360365795,"ENT","Deferred"
"659",2023-10-29,"2",1.08336281689249,"ENT","Deferred"
"660",2023-10-30,"2",1.04275541308185,"ENT","Deferred"
"661",2023-10-31,"2",1.10760390786972,"ENT","Deferred"
"662",2023-11-01,"2",1.01784900570308,"ENT","Deferred"
"663",2023-11-02,"2",0,"ENT","Deferred"
"664",2023-11-03,"2",0,"ENT","Deferred"
"665",2023-11-04,"2",0,"ENT","Deferred"
"666",2023-11-05,"2",1.0087035539212,"ENT","Deferred"
"667",2023-11-06,"2",0,"ENT","Deferred"
"668",2023-11-07,"2",1.08153347533432,"ENT","Deferred"
"669",2023-11-08,"2",1.29786341095335,"ENT","Deferred"
"670",2023-11-09,"2",1.2875497200791,"ENT","Deferred"
"671",2023-11-10,"2",1.2537797398721,"ENT","Deferred"
"672",2023-11-11,"2",1.26088413083065,"ENT","Deferred"
"673",2023-11-12,"2",1.19573866344654,"ENT","Deferred"
"674",2023-11-13,"2",1.16893167881485,"ENT","Deferred"
"675",2023-11-14,"2",1.25269379287508,"ENT","Deferred"
"676",2023-11-15,"2",1.1622729701457,"ENT","Deferred"
"677",2023-11-16,"2",1.0958246272699,"ENT","Deferred"
"678",2023-11-17,"2",1.1532234003213,"ENT","Deferred"
"679",2023-11-18,"2",1.30465851177162,"ENT","Deferred"
"680",2023-11-19,"2",1.31104147684594,"ENT","Deferred"
"681",2023-11-20,"2",1.25251449368122,"ENT","Deferred"
"682",2023-11-21,"2",1.36580020772545,"ENT","Deferred"
"683",2023-11-22,"2",1.32556909979696,"ENT","Deferred"
"684",2023-11-23,"2",1.16727132945418,"ENT","Deferred"
"685",2023-11-24,"2",0,"ENT","Deferred"
"686",2023-11-25,"2",1.153125805671,"ENT","Deferred"
"687",2023-11-26,"2",1.17643723805437,"ENT","Deferred"
"688",2023-11-27,"2",1.10117040660371,"ENT","Deferred"
"689",2023-11-28,"2",1.05996329297619,"ENT","Deferred"
"690",2023-11-29,"2",1.06554516375081,"ENT","Deferred"
"691",2023-11-30,"2",0,"ENT","Deferred"
"692",2023-12-01,"2",0,"ENT","Deferred"
"693",2023-12-02,"2",0,"ENT","Deferred"
"694",2023-12-03,"2",1.00929956824294,"ENT","Deferred"
"695",2023-12-04,"2",1.09182302363673,"ENT","Deferred"
"696",2023-12-05,"2",1.04960464462031,"ENT","Deferred"
"697",2023-12-06,"2",1.0910028988548,"ENT","Deferred"
"698",2023-12-07,"2",0,"ENT","Deferred"
"699",2023-12-08,"2",1.00006654288799,"ENT","Deferred"
"700",2023-12-09,"2",1.09278146776914,"ENT","Deferred"
"701",2023-12-10,"2",1.10076045726927,"ENT","Deferred"
"702",2023-12-11,"2",1.1091691892689,"ENT","Deferred"
"703",2023-12-12,"2",1.00277998732243,"ENT","Deferred"
"704",2023-12-13,"2",0,"ENT","Deferred"
"705",2023-12-14,"2",0,"ENT","Deferred"
"706",2023-12-15,"2",0,"ENT","Deferred"
"707",2023-12-16,"2",0,"ENT","Deferred"
"708",2023-12-17,"2",0,"ENT","Deferred"
"709",2023-12-18,"2",0,"ENT","Deferred"
"710",2023-12-19,"2",0,"ENT","Deferred"
"711",2023-12-20,"2",0,"ENT","Deferred"
"712",2023-12-21,"2",0,"ENT","Deferred"
"713",2023-12-22,"2",0,"ENT","Deferred"
"714",2023-12-23,"2",0,"ENT","Deferred"
"715",2023-12-24,"2",0,"ENT","Deferred"
"716",2023-12-25,"2",0,"ENT","Deferred"
"717",2023-12-26,"2",0,"ENT","Deferred"
"718",2023-12-27,"2",0,"ENT","Deferred"
"719",2023-12-28,"2",0,"ENT","Deferred"
"720",2023-12-29,"2",0,"ENT","Deferred"
"721",2023-12-30,"2",0,"ENT","Deferred"
"722",2023-12-31,"2",0,"ENT","Deferred"
"723",2024-01-01,"2",0,"ENT","Deferred"
"724",2024-01-02,"2",0,"ENT","Deferred"
"725",2024-01-03,"2",0,"ENT","Deferred"
"726",2024-01-04,"2",0,"ENT","Deferred"
"727",2024-01-05,"2",0,"ENT","Deferred"
"728",2024-01-06,"2",0,"ENT","Deferred"
"729",2024-01-07,"2",0,"ENT","Deferred"
"730",2024-01-08,"2",0,"ENT","Deferred"
"731",2023-01-09,"3",2.14494215574199,"ENT","Deferred"
"732",2023-01-10,"3",2.19927510168539,"ENT","Deferred"
"733",2023-01-11,"3",2.29090894835417,"ENT","Deferred"
"734",2023-01-12,"3",2.26162137783092,"ENT","Deferred"
"735",2023-01-13,"3",2.24055228676176,"ENT","Deferred"
"736",2023-01-14,"3",2.28164425539149,"ENT","Deferred"
"737",2023-01-15,"3",2.47713373826456,"ENT","Deferred"
"738",2023-01-16,"3",2.55056956690238,"ENT","Deferred"
"739",2023-01-17,"3",2.5536797895534,"ENT","Deferred"
"740",2023-01-18,"3",2.52550890333909,"ENT","Deferred"
"741",2023-01-19,"3",2.45323119800954,"ENT","Deferred"
"742",2023-01-20,"3",2.29186004291301,"ENT","Deferred"
"743",2023-01-21,"3",2.30392439553028,"ENT","Deferred"
"744",2023-01-22,"3",2.11360023620835,"ENT","Deferred"
"745",2023-01-23,"3",2.28310690838393,"ENT","Deferred"
"746",2023-01-24,"3",2.45432398858734,"ENT","Deferred"
"747",2023-01-25,"3",2.42588289729714,"ENT","Deferred"
"748",2023-01-26,"3",2.42887072917089,"ENT","Deferred"
"749",2023-01-27,"3",2.69425979176321,"ENT","Deferred"
"750",2023-01-28,"3",2.68453060115008,"ENT","Deferred"
"751",2023-01-29,"3",2.52942140488769,"ENT","Deferred"
"752",2023-01-30,"3",2.56537962931643,"ENT","Deferred"
"753",2023-01-31,"3",2.62938698317059,"ENT","Deferred"
"754",2023-02-01,"3",2.4585270323428,"ENT","Deferred"
"755",2023-02-02,"3",2.4300576688445,"ENT","Deferred"
"756",2023-02-03,"3",2.65142001227454,"ENT","Deferred"
"757",2023-02-04,"3",2.59125242394231,"ENT","Deferred"
"758",2023-02-05,"3",2.65568040261496,"ENT","Deferred"
"759",2023-02-06,"3",2.45732243854003,"ENT","Deferred"
"760",2023-02-07,"3",2.49678757262504,"ENT","Deferred"
"761",2023-02-08,"3",2.57320902106837,"ENT","Deferred"
"762",2023-02-09,"3",2.38599245388974,"ENT","Deferred"
"763",2023-02-10,"3",2.49742593363537,"ENT","Deferred"
"764",2023-02-11,"3",2.32584235776998,"ENT","Deferred"
"765",2023-02-12,"3",2.49730032999491,"ENT","Deferred"
"766",2023-02-13,"3",2.65028546776232,"ENT","Deferred"
"767",2023-02-14,"3",2.50274169251887,"ENT","Deferred"
"768",2023-02-15,"3",2.69334895530475,"ENT","Deferred"
"769",2023-02-16,"3",2.55772090618126,"ENT","Deferred"
"770",2023-02-17,"3",2.62036484572769,"ENT","Deferred"
"771",2023-02-18,"3",2.79289873996908,"ENT","Deferred"
"772",2023-02-19,"3",2.82808771898636,"ENT","Deferred"
"773",2023-02-20,"3",2.84486153002567,"ENT","Deferred"
"774",2023-02-21,"3",2.89645970862374,"ENT","Deferred"
"775",2023-02-22,"3",2.78402286882543,"ENT","Deferred"
"776",2023-02-23,"3",2.78225774402921,"ENT","Deferred"
"777",2023-02-24,"3",2.6877174062017,"ENT","Deferred"
"778",2023-02-25,"3",2.60553901993048,"ENT","Deferred"
"779",2023-02-26,"3",2.63663330997078,"ENT","Deferred"
"780",2023-02-27,"3",2.58063559746209,"ENT","Deferred"
"781",2023-02-28,"3",2.6702418787307,"ENT","Deferred"
"782",2023-03-01,"3",2.60255292732515,"ENT","Deferred"
"783",2023-03-02,"3",2.82924688568287,"ENT","Deferred"
"784",2023-03-03,"3",2.78639392455126,"ENT","Deferred"
"785",2023-03-04,"3",3.08316716348651,"ENT","Deferred"
"786",2023-03-05,"3",3.06860494761402,"ENT","Deferred"
"787",2023-03-06,"3",2.92507705456728,"ENT","Deferred"
"788",2023-03-07,"3",2.98028878646198,"ENT","Deferred"
"789",2023-03-08,"3",2.89002510025147,"ENT","Deferred"
"790",2023-03-09,"3",2.91816937173788,"ENT","Deferred"
"791",2023-03-10,"3",2.85165400454199,"ENT","Deferred"
"792",2023-03-11,"3",3.01356496598641,"ENT","Deferred"
"793",2023-03-12,"3",2.97224123604743,"ENT","Deferred"
"794",2023-03-13,"3",2.96552806608888,"ENT","Deferred"
"795",2023-03-14,"3",2.96003205578131,"ENT","Deferred"
"796",2023-03-15,"3",3.13647562121796,"ENT","Deferred"
"797",2023-03-16,"3",3.05632362348048,"ENT","Deferred"
"798",2023-03-17,"3",3.00971651860933,"ENT","Deferred"
"799",2023-03-18,"3",2.89397791622605,"ENT","Deferred"
"800",2023-03-19,"3",2.75538520111938,"ENT","Deferred"
"801",2023-03-20,"3",2.61989643959431,"ENT","Deferred"
"802",2023-03-21,"3",2.7738842243025,"ENT","Deferred"
"803",2023-03-22,"3",2.75161388122935,"ENT","Deferred"
"804",2023-03-23,"3",2.94884432097025,"ENT","Deferred"
"805",2023-03-24,"3",2.67954137122846,"ENT","Deferred"
"806",2023-03-25,"3",2.52626472058405,"ENT","Deferred"
"807",2023-03-26,"3",2.5660903813452,"ENT","Deferred"
"808",2023-03-27,"3",2.46632953822569,"ENT","Deferred"
"809",2023-03-28,"3",2.58262600038614,"ENT","Deferred"
"810",2023-03-29,"3",2.40894463476787,"ENT","Deferred"
"811",2023-03-30,"3",2.36044512097737,"ENT","Deferred"
"812",2023-03-31,"3",2.4210804991516,"ENT","Deferred"
"813",2023-04-01,"3",2.55815840933804,"ENT","Deferred"
"814",2023-04-02,"3",2.68251346904636,"ENT","Deferred"
"815",2023-04-03,"3",2.59947101104783,"ENT","Deferred"
"816",2023-04-04,"3",2.67131936450142,"ENT","Deferred"
"817",2023-04-05,"3",2.45051287163324,"ENT","Deferred"
"818",2023-04-06,"3",2.31563910418329,"ENT","Deferred"
"819",2023-04-07,"3",2.22310560751964,"ENT","Deferred"
"820",2023-04-08,"3",2.33185976170061,"ENT","Deferred"
"821",2023-04-09,"3",2.31312567187438,"ENT","Deferred"
"822",2023-04-10,"3",2.74603712886448,"ENT","Deferred"
"823",2023-04-11,"3",2.57052348123177,"ENT","Deferred"
"824",2023-04-12,"3",2.36590167821603,"ENT","Deferred"
"825",2023-04-13,"3",2.41225160380004,"ENT","Deferred"
"826",2023-04-14,"3",2.46025773436791,"ENT","Deferred"
"827",2023-04-15,"3",2.57685445863676,"ENT","Deferred"
"828",2023-04-16,"3",2.60507249685845,"ENT","Deferred"
"829",2023-04-17,"3",2.65453610272071,"ENT","Deferred"
"830",2023-04-18,"3",2.81402029794989,"ENT","Deferred"
"831",2023-04-19,"3",2.8668341211026,"ENT","Deferred"
"832",2023-04-20,"3",2.71694287406548,"ENT","Deferred"
"833",2023-04-21,"3",2.83460250079175,"ENT","Deferred"
"834",2023-04-22,"3",2.73887123388853,"ENT","Deferred"
"835",2023-04-23,"3",2.71253807300998,"ENT","Deferred"
"836",2023-04-24,"3",2.59482950027243,"ENT","Deferred"
"837",2023-04-25,"3",2.73527732368716,"ENT","Deferred"
"838",2023-04-26,"3",2.76163115413958,"ENT","Deferred"
"839",2023-04-27,"3",2.83110145125564,"ENT","Deferred"
"840",2023-04-28,"3",2.76708017122715,"ENT","Deferred"
"841",2023-04-29,"3",2.8989387706077,"ENT","Deferred"
"842",2023-04-30,"3",2.78269772442139,"ENT","Deferred"
"843",2023-05-01,"3",2.7646953899131,"ENT","Deferred"
"844",2023-05-02,"3",2.87772370007045,"ENT","Deferred"
"845",2023-05-03,"3",2.74984501370453,"ENT","Deferred"
"846",2023-05-04,"3",2.85199380366398,"ENT","Deferred"
"847",2023-05-05,"3",2.91656932588469,"ENT","Deferred"
"848",2023-05-06,"3",3.12441117639882,"ENT","Deferred"
"849",2023-05-07,"3",3.18736329027096,"ENT","Deferred"
"850",2023-05-08,"3",3.16949284402404,"ENT","Deferred"
"851",2023-05-09,"3",3.16921642509788,"ENT","Deferred"
"852",2023-05-10,"3",3.28075029163706,"ENT","Deferred"
"853",2023-05-11,"3",3.21613307188032,"ENT","Deferred"
"854",2023-05-12,"3",3.29068712345894,"ENT","Deferred"
"855",2023-05-13,"3",3.2802052344581,"ENT","Deferred"
"856",2023-05-14,"3",3.44870909094368,"ENT","Deferred"
"857",2023-05-15,"3",3.29083109637263,"ENT","Deferred"
"858",2023-05-16,"3",3.36017931713091,"ENT","Deferred"
"859",2023-05-17,"3",3.54611393020979,"ENT","Deferred"
"860",2023-05-18,"3",3.67201658264611,"ENT","Deferred"
"861",2023-05-19,"3",3.7052176839153,"ENT","Deferred"
"862",2023-05-20,"3",3.59808869282186,"ENT","Deferred"
"863",2023-05-21,"3",3.73623321250444,"ENT","Deferred"
"864",2023-05-22,"3",3.63173194360107,"ENT","Deferred"
"865",2023-05-23,"3",3.65674335429672,"ENT","Deferred"
"866",2023-05-24,"3",3.7346111743591,"ENT","Deferred"
"867",2023-05-25,"3",3.73822123290511,"ENT","Deferred"
"868",2023-05-26,"3",3.79129212505593,"ENT","Deferred"
"869",2023-05-27,"3",3.65164293194465,"ENT","Deferred"
"870",2023-05-28,"3",3.67205214204137,"ENT","Deferred"
"871",2023-05-29,"3",3.72945850302038,"ENT","Deferred"
"872",2023-05-30,"3",3.70733796447229,"ENT","Deferred"
"873",2023-05-31,"3",3.72093836057021,"ENT","Deferred"
"874",2023-06-01,"3",3.64803889303367,"ENT","Deferred"
"875",2023-06-02,"3",3.62686524463347,"ENT","Deferred"
"876",2023-06-03,"3",3.47181776045738,"ENT","Deferred"
"877",2023-06-04,"3",3.41173632736026,"ENT","Deferred"
"878",2023-06-05,"3",3.41171911645266,"ENT","Deferred"
"879",2023-06-06,"3",3.54191931612804,"ENT","Deferred"
"880",2023-06-07,"3",3.48011705171141,"ENT","Deferred"
"881",2023-06-08,"3",3.71784662394741,"ENT","Deferred"
"882",2023-06-09,"3",3.66002781340672,"ENT","Deferred"
"883",2023-06-10,"3",3.6581088287536,"ENT","Deferred"
"884",2023-06-11,"3",3.60798779203915,"ENT","Deferred"
"885",2023-06-12,"3",3.4890401269552,"ENT","Deferred"
"886",2023-06-13,"3",3.48449376969646,"ENT","Deferred"
"887",2023-06-14,"3",3.31151891658612,"ENT","Deferred"
"888",2023-06-15,"3",3.33892512855348,"ENT","Deferred"
"889",2023-06-16,"3",3.27053063268029,"ENT","Deferred"
"890",2023-06-17,"3",3.42250908034802,"ENT","Deferred"
"891",2023-06-18,"3",3.43109126704682,"ENT","Deferred"
"892",2023-06-19,"3",3.36875667487579,"ENT","Deferred"
"893",2023-06-20,"3",3.36573861672818,"ENT","Deferred"
"894",2023-06-21,"3",3.34633092324374,"ENT","Deferred"
"895",2023-06-22,"3",3.4917353434426,"ENT","Deferred"
"896",2023-06-23,"3",3.52276826773513,"ENT","Deferred"
"897",2023-06-24,"3",3.55887685348308,"ENT","Deferred"
"898",2023-06-25,"3",3.49344946171808,"ENT","Deferred"
"899",2023-06-26,"3",3.59170969052504,"ENT","Deferred"
"900",2023-06-27,"3",3.76652424216776,"ENT","Deferred"
"901",2023-06-28,"3",3.74136552577467,"ENT","Deferred"
"902",2023-06-29,"3",3.50026112248666,"ENT","Deferred"
"903",2023-06-30,"3",3.44868776486797,"ENT","Deferred"
"904",2023-07-01,"3",3.49630955536531,"ENT","Deferred"
"905",2023-07-02,"3",3.48113417519293,"ENT","Deferred"
"906",2023-07-03,"3",3.57867116679636,"ENT","Deferred"
"907",2023-07-04,"3",3.53898054222819,"ENT","Deferred"
"908",2023-07-05,"3",3.55917745436701,"ENT","Deferred"
"909",2023-07-06,"3",3.50067266303928,"ENT","Deferred"
"910",2023-07-07,"3",3.55499263698617,"ENT","Deferred"
"911",2023-07-08,"3",3.36239832207055,"ENT","Deferred"
"912",2023-07-09,"3",3.45171998708446,"ENT","Deferred"
"913",2023-07-10,"3",3.37348879631633,"ENT","Deferred"
"914",2023-07-11,"3",3.4385984495371,"ENT","Deferred"
"915",2023-07-12,"3",3.35466501308054,"ENT","Deferred"
"916",2023-07-13,"3",3.34685050824352,"ENT","Deferred"
"917",2023-07-14,"3",3.3911235415069,"ENT","Deferred"
"918",2023-07-15,"3",3.38556921130195,"ENT","Deferred"
"919",2023-07-16,"3",3.50449291895886,"ENT","Deferred"
"920",2023-07-17,"3",3.37392556625917,"ENT","Deferred"
"921",2023-07-18,"3",3.35971336741395,"ENT","Deferred"
"922",2023-07-19,"3",3.35062408205131,"ENT","Deferred"
"923",2023-07-20,"3",3.44737834331076,"ENT","Deferred"
"924",2023-07-21,"3",3.23701548823358,"ENT","Deferred"
"925",2023-07-22,"3",3.14326777117498,"ENT","Deferred"
"926",2023-07-23,"3",3.16799920523582,"ENT","Deferred"
"927",2023-07-24,"3",3.12556333779012,"ENT","Deferred"
"928",2023-07-25,"3",3.14054971716939,"ENT","Deferred"
"929",2023-07-26,"3",3.27351645902575,"ENT","Deferred"
"930",2023-07-27,"3",3.41580601876601,"ENT","Deferred"
"931",2023-07-28,"3",3.40140542819447,"ENT","Deferred"
"932",2023-07-29,"3",3.27366576407644,"ENT","Deferred"
"933",2023-07-30,"3",3.39613154932864,"ENT","Deferred"
"934",2023-07-31,"3",3.22016340998594,"ENT","Deferred"
"935",2023-08-01,"3",3.13378434521147,"ENT","Deferred"
"936",2023-08-02,"3",2.83942993508077,"ENT","Deferred"
"937",2023-08-03,"3",2.78903506559553,"ENT","Deferred"
"938",2023-08-04,"3",2.84014459510441,"ENT","Deferred"
"939",2023-08-05,"3",2.78517548244086,"ENT","Deferred"
"940",2023-08-06,"3",2.76555291034583,"ENT","Deferred"
"941",2023-08-07,"3",2.81798712385492,"ENT","Deferred"
"942",2023-08-08,"3",2.87749055763768,"ENT","Deferred"
"943",2023-08-09,"3",2.71942137811774,"ENT","Deferred"
"944",2023-08-10,"3",2.68243202675757,"ENT","Deferred"
"945",2023-08-11,"3",2.77001705149114,"ENT","Deferred"
"946",2023-08-12,"3",2.64073397417584,"ENT","Deferred"
"947",2023-08-13,"3",2.50608799078724,"ENT","Deferred"
"948",2023-08-14,"3",2.63565354616084,"ENT","Deferred"
"949",2023-08-15,"3",2.67472234136039,"ENT","Deferred"
"950",2023-08-16,"3",2.68851288761281,"ENT","Deferred"
"951",2023-08-17,"3",2.70228541470046,"ENT","Deferred"
"952",2023-08-18,"3",2.70861346999611,"ENT","Deferred"
"953",2023-08-19,"3",2.82584772233559,"ENT","Deferred"
"954",2023-08-20,"3",2.64842065212886,"ENT","Deferred"
"955",2023-08-21,"3",2.71109498040251,"ENT","Deferred"
"956",2023-08-22,"3",2.6824594815764,"ENT","Deferred"
"957",2023-08-23,"3",2.67751980641603,"ENT","Deferred"
"958",2023-08-24,"3",2.6422440113508,"ENT","Deferred"
"959",2023-08-25,"3",2.85709465873522,"ENT","Deferred"
"960",2023-08-26,"3",2.77121568982952,"ENT","Deferred"
"961",2023-08-27,"3",2.94113723713252,"ENT","Deferred"
"962",2023-08-28,"3",3.07486765592979,"ENT","Deferred"
"963",2023-08-29,"3",3.27395275392437,"ENT","Deferred"
"964",2023-08-30,"3",3.06685527611985,"ENT","Deferred"
"965",2023-08-31,"3",3.01955399651762,"ENT","Deferred"
"966",2023-09-01,"3",3.19543709195873,"ENT","Deferred"
"967",2023-09-02,"3",3.18172302189419,"ENT","Deferred"
"968",2023-09-03,"3",3.20036514164929,"ENT","Deferred"
"969",2023-09-04,"3",3.26470014871362,"ENT","Deferred"
"970",2023-09-05,"3",3.32446368910733,"ENT","Deferred"
"971",2023-09-06,"3",3.19929761391805,"ENT","Deferred"
"972",2023-09-07,"3",2.99393531372507,"ENT","Deferred"
"973",2023-09-08,"3",3.11706515385137,"ENT","Deferred"
"974",2023-09-09,"3",2.93509970234908,"ENT","Deferred"
"975",2023-09-10,"3",3.10132500234726,"ENT","Deferred"
"976",2023-09-11,"3",3.16394837834313,"ENT","Deferred"
"977",2023-09-12,"3",3.20007998622896,"ENT","Deferred"
"978",2023-09-13,"3",3.23971743135919,"ENT","Deferred"
"979",2023-09-14,"3",3.22442927484069,"ENT","Deferred"
"980",2023-09-15,"3",3.07641621419872,"ENT","Deferred"
"981",2023-09-16,"3",3.0408755720349,"ENT","Deferred"
"982",2023-09-17,"3",3.2474404424058,"ENT","Deferred"
"983",2023-09-18,"3",3.40088748058205,"ENT","Deferred"
"984",2023-09-19,"3",3.61105657019158,"ENT","Deferred"
"985",2023-09-20,"3",3.46531706588668,"ENT","Deferred"
"986",2023-09-21,"3",3.62264893319109,"ENT","Deferred"
"987",2023-09-22,"3",3.70101231693422,"ENT","Deferred"
"988",2023-09-23,"3",3.89543090252167,"ENT","Deferred"
"989",2023-09-24,"3",3.84897446957917,"ENT","Deferred"
"990",2023-09-25,"3",3.7489543068977,"ENT","Deferred"
"991",2023-09-26,"3",3.7089137425914,"ENT","Deferred"
"992",2023-09-27,"3",3.82053889030496,"ENT","Deferred"
"993",2023-09-28,"3",3.68056476432779,"ENT","Deferred"
"994",2023-09-29,"3",3.6088242635765,"ENT","Deferred"
"995",2023-09-30,"3",3.57451584377335,"ENT","Deferred"
"996",2023-10-01,"3",3.47452121100482,"ENT","Deferred"
"997",2023-10-02,"3",3.40206477959603,"ENT","Deferred"
"998",2023-10-03,"3",3.39640108801377,"ENT","Deferred"
"999",2023-10-04,"3",3.36819020591716,"ENT","Deferred"
"1000",2023-10-05,"3",3.31814863437008,"ENT","Deferred"
"1001",2023-10-06,"3",3.28051354823666,"ENT","Deferred"
"1002",2023-10-07,"3",3.33139594408739,"ENT","Deferred"
"1003",2023-10-08,"3",3.21368406326054,"ENT","Deferred"
"1004",2023-10-09,"3",3.17747236744458,"ENT","Deferred"
"1005",2023-10-10,"3",3.19256820995816,"ENT","Deferred"
"1006",2023-10-11,"3",2.90981582897391,"ENT","Deferred"
"1007",2023-10-12,"3",2.82855359785384,"ENT","Deferred"
"1008",2023-10-13,"3",2.65972594911528,"ENT","Deferred"
"1009",2023-10-14,"3",2.62822462071174,"ENT","Deferred"
"1010",2023-10-15,"3",2.61056401447177,"ENT","Deferred"
"1011",2023-10-16,"3",2.75592187170919,"ENT","Deferred"
"1012",2023-10-17,"3",2.61507689632867,"ENT","Deferred"
"1013",2023-10-18,"3",2.70452571350823,"ENT","Deferred"
"1014",2023-10-19,"3",2.52808330722029,"ENT","Deferred"
"1015",2023-10-20,"3",2.5394166924389,"ENT","Deferred"
"1016",2023-10-21,"3",2.44607135065539,"ENT","Deferred"
"1017",2023-10-22,"3",2.67450665919095,"ENT","Deferred"
"1018",2023-10-23,"3",2.72929755164818,"ENT","Deferred"
"1019",2023-10-24,"3",2.93312663764432,"ENT","Deferred"
"1020",2023-10-25,"3",2.85495885324704,"ENT","Deferred"
"1021",2023-10-26,"3",2.75461063868895,"ENT","Deferred"
"1022",2023-10-27,"3",2.68811088713732,"ENT","Deferred"
"1023",2023-10-28,"3",2.72915556523804,"ENT","Deferred"
"1024",2023-10-29,"3",2.58834473243999,"ENT","Deferred"
"1025",2023-10-30,"3",2.59000622822315,"ENT","Deferred"
"1026",2023-10-31,"3",2.6304648003288,"ENT","Deferred"
"1027",2023-11-01,"3",2.5347438637064,"ENT","Deferred"
"1028",2023-11-02,"3",2.49945265367529,"ENT","Deferred"
"1029",2023-11-03,"3",2.51475647419231,"ENT","Deferred"
"1030",2023-11-04,"3",2.35198437624098,"ENT","Deferred"
"1031",2023-11-05,"3",2.50621564810189,"ENT","Deferred"
"1032",2023-11-06,"3",2.4162146317001,"ENT","Deferred"
"1033",2023-11-07,"3",2.54690330221671,"ENT","Deferred"
"1034",2023-11-08,"3",2.4839287822179,"ENT","Deferred"
"1035",2023-11-09,"3",2.44935211142531,"ENT","Deferred"
"1036",2023-11-10,"3",2.42154298213896,"ENT","Deferred"
"1037",2023-11-11,"3",2.57675002014019,"ENT","Deferred"
"1038",2023-11-12,"3",2.64371376742408,"ENT","Deferred"
"1039",2023-11-13,"3",2.69524225403406,"ENT","Deferred"
"1040",2023-11-14,"3",2.68717316098693,"ENT","Deferred"
"1041",2023-11-15,"3",2.65541137715725,"ENT","Deferred"
"1042",2023-11-16,"3",2.63733071023451,"ENT","Deferred"
"1043",2023-11-17,"3",2.64777051869975,"ENT","Deferred"
"1044",2023-11-18,"3",2.63072104656131,"ENT","Deferred"
"1045",2023-11-19,"3",2.67595167685483,"ENT","Deferred"
"1046",2023-11-20,"3",2.78837165999927,"ENT","Deferred"
"1047",2023-11-21,"3",2.86938999971119,"ENT","Deferred"
"1048",2023-11-22,"3",2.73193437467227,"ENT","Deferred"
"1049",2023-11-23,"3",2.46074354346255,"ENT","Deferred"
"1050",2023-11-24,"3",2.55678176545028,"ENT","Deferred"
"1051",2023-11-25,"3",2.50374078061293,"ENT","Deferred"
"1052",2023-11-26,"3",2.62199551356342,"ENT","Deferred"
"1053",2023-11-27,"3",2.51380815085668,"ENT","Deferred"
"1054",2023-11-28,"3",2.52229011228667,"ENT","Deferred"
"1055",2023-11-29,"3",2.56202101995615,"ENT","Deferred"
"1056",2023-11-30,"3",2.61921214378301,"ENT","Deferred"
"1057",2023-12-01,"3",2.5668667967184,"ENT","Deferred"
"1058",2023-12-02,"3",2.74370585313873,"ENT","Deferred"
"1059",2023-12-03,"3",2.71074243790034,"ENT","Deferred"
"1060",2023-12-04,"3",2.64315646955789,"ENT","Deferred"
"1061",2023-12-05,"3",2.66806351178598,"ENT","Deferred"
"1062",2023-12-06,"3",2.55757071342077,"ENT","Deferred"
"1063",2023-12-07,"3",2.3806693293571,"ENT","Deferred"
"1064",2023-12-08,"3",2.38878096414578,"ENT","Deferred"
"1065",2023-12-09,"3",2.27788125099259,"ENT","Deferred"
"1066",2023-12-10,"3",2.40686798429733,"ENT","Deferred"
"1067",2023-12-11,"3",2.41318863493486,"ENT","Deferred"
"1068",2023-12-12,"3",2.38388101851399,"ENT","Deferred"
"1069",2023-12-13,"3",2.38851425412791,"ENT","Deferred"
"1070",2023-12-14,"3",2.29892031360997,"ENT","Deferred"
"1071",2023-12-15,"3",2.18299173036929,"ENT","Deferred"
"1072",2023-12-16,"3",2.22901614916791,"ENT","Deferred"
"1073",2023-12-17,"3",2.1904039206858,"ENT","Deferred"
"1074",2023-12-18,"3",2.26398533032893,"ENT","Deferred"
"1075",2023-12-19,"3",1.96827536578999,"ENT","Deferred"
"1076",2023-12-20,"3",1.71741425594027,"ENT","Deferred"
"1077",2023-12-21,"3",1.75734458162061,"ENT","Deferred"
"1078",2023-12-22,"3",1.8897247588042,"ENT","Deferred"
"1079",2023-12-23,"3",1.94996757860469,"ENT","Deferred"
"1080",2023-12-24,"3",1.75537801346472,"ENT","Deferred"
"1081",2023-12-25,"3",1.7153211824228,"ENT","Deferred"
"1082",2023-12-26,"3",2.07233897389039,"ENT","Deferred"
"1083",2023-12-27,"3",2.14601970821894,"ENT","Deferred"
"1084",2023-12-28,"3",2.0007944105259,"ENT","Deferred"
"1085",2023-12-29,"3",2.0389468214255,"ENT","Deferred"
"1086",2023-12-30,"3",1.9713590970888,"ENT","Deferred"
"1087",2023-12-31,"3",1.98530055925575,"ENT","Deferred"
"1088",2024-01-01,"3",1.88545006713909,"ENT","Deferred"
"1089",2024-01-02,"3",1.93218192299385,"ENT","Deferred"
"1090",2024-01-03,"3",2.05314055346372,"ENT","Deferred"
"1091",2024-01-04,"3",2.07450088492265,"ENT","Deferred"
"1092",2024-01-05,"3",2.0818821899621,"ENT","Deferred"
"1093",2024-01-06,"3",2.08181235636976,"ENT","Deferred"
"1094",2024-01-07,"3",1.93798375038632,"ENT","Deferred"
"1095",2024-01-08,"3",1.90935233024639,"ENT","Deferred"
"1096",2023-01-09,"4",1.89549263573522,"ENT","Deferred"
"1097",2023-01-10,"4",2.10272717608151,"ENT","Deferred"
"1098",2023-01-11,"4",2.08992630081733,"ENT","Deferred"
"1099",2023-01-12,"4",2.18144374032567,"ENT","Deferred"
"1100",2023-01-13,"4",2.28490968955761,"ENT","Deferred"
"1101",2023-01-14,"4",2.20891483233944,"ENT","Deferred"
"1102",2023-01-15,"4",2.37145162383219,"ENT","Deferred"
"1103",2023-01-16,"4",2.42204969363164,"ENT","Deferred"
"1104",2023-01-17,"4",2.51398489439997,"ENT","Deferred"
"1105",2023-01-18,"4",2.42785077277458,"ENT","Deferred"
"1106",2023-01-19,"4",2.24736196927642,"ENT","Deferred"
"1107",2023-01-20,"4",2.34501544600783,"ENT","Deferred"
"1108",2023-01-21,"4",2.38318727276216,"ENT","Deferred"
"1109",2023-01-22,"4",2.31947702180691,"ENT","Deferred"
"1110",2023-01-23,"4",2.35247530451014,"ENT","Deferred"
"1111",2023-01-24,"4",2.29229068488848,"ENT","Deferred"
"1112",2023-01-25,"4",2.21905568962247,"ENT","Deferred"
"1113",2023-01-26,"4",2.30497002235622,"ENT","Deferred"
"1114",2023-01-27,"4",2.33654603631865,"ENT","Deferred"
"1115",2023-01-28,"4",2.32308079250658,"ENT","Deferred"
"1116",2023-01-29,"4",2.28199094432266,"ENT","Deferred"
"1117",2023-01-30,"4",2.28145080685196,"ENT","Deferred"
"1118",2023-01-31,"4",2.21102232490371,"ENT","Deferred"
"1119",2023-02-01,"4",2.2785477894655,"ENT","Deferred"
"1120",2023-02-02,"4",2.32627372986341,"ENT","Deferred"
"1121",2023-02-03,"4",2.42044453919153,"ENT","Deferred"
"1122",2023-02-04,"4",2.43730143159,"ENT","Deferred"
"1123",2023-02-05,"4",2.34253263973581,"ENT","Deferred"
"1124",2023-02-06,"4",2.39066701736145,"ENT","Deferred"
"1125",2023-02-07,"4",2.2641663903251,"ENT","Deferred"
"1126",2023-02-08,"4",2.42140978406457,"ENT","Deferred"
"1127",2023-02-09,"4",2.16929415182817,"ENT","Deferred"
"1128",2023-02-10,"4",2.11329628603713,"ENT","Deferred"
"1129",2023-02-11,"4",2.25874110172693,"ENT","Deferred"
"1130",2023-02-12,"4",2.5148139209224,"ENT","Deferred"
"1131",2023-02-13,"4",2.64268112853856,"ENT","Deferred"
"1132",2023-02-14,"4",2.73870977153308,"ENT","Deferred"
"1133",2023-02-15,"4",2.7447504807483,"ENT","Deferred"
"1134",2023-02-16,"4",2.90449240503827,"ENT","Deferred"
"1135",2023-02-17,"4",2.83037230487105,"ENT","Deferred"
"1136",2023-02-18,"4",2.64685431874248,"ENT","Deferred"
"1137",2023-02-19,"4",2.68866693325204,"ENT","Deferred"
"1138",2023-02-20,"4",2.59383793036218,"ENT","Deferred"
"1139",2023-02-21,"4",2.79550498718411,"ENT","Deferred"
"1140",2023-02-22,"4",2.98579418308287,"ENT","Deferred"
"1141",2023-02-23,"4",3.06923883835609,"ENT","Deferred"
"1142",2023-02-24,"4",2.99139726202027,"ENT","Deferred"
"1143",2023-02-25,"4",3.01898011516441,"ENT","Deferred"
"1144",2023-02-26,"4",2.98601359569607,"ENT","Deferred"
"1145",2023-02-27,"4",3.01731857868145,"ENT","Deferred"
"1146",2023-02-28,"4",3.03363395029477,"ENT","Deferred"
"1147",2023-03-01,"4",3.16166937166167,"ENT","Deferred"
"1148",2023-03-02,"4",3.27071687780475,"ENT","Deferred"
"1149",2023-03-03,"4",3.30508642647433,"ENT","Deferred"
"1150",2023-03-04,"4",3.13964453390308,"ENT","Deferred"
"1151",2023-03-05,"4",3.12662303639888,"ENT","Deferred"
"1152",2023-03-06,"4",3.00203399671439,"ENT","Deferred"
"1153",2023-03-07,"4",2.98868102231049,"ENT","Deferred"
"1154",2023-03-08,"4",2.82440042151466,"ENT","Deferred"
"1155",2023-03-09,"4",2.44865943789364,"ENT","Deferred"
"1156",2023-03-10,"4",2.42469654864181,"ENT","Deferred"
"1157",2023-03-11,"4",2.36131066969577,"ENT","Deferred"
"1158",2023-03-12,"4",2.53458172288896,"ENT","Deferred"
"1159",2023-03-13,"4",2.66057031780028,"ENT","Deferred"
"1160",2023-03-14,"4",2.72180989401019,"ENT","Deferred"
"1161",2023-03-15,"4",2.58328548478146,"ENT","Deferred"
"1162",2023-03-16,"4",2.6546238341933,"ENT","Deferred"
"1163",2023-03-17,"4",2.6459192309122,"ENT","Deferred"
"1164",2023-03-18,"4",2.87496591384124,"ENT","Deferred"
"1165",2023-03-19,"4",2.88076604520147,"ENT","Deferred"
"1166",2023-03-20,"4",3.00671397725135,"ENT","Deferred"
"1167",2023-03-21,"4",3.0953851821236,"ENT","Deferred"
"1168",2023-03-22,"4",3.06366582451326,"ENT","Deferred"
"1169",2023-03-23,"4",3.12110860972471,"ENT","Deferred"
"1170",2023-03-24,"4",3.0854180285448,"ENT","Deferred"
"1171",2023-03-25,"4",3.0534871516412,"ENT","Deferred"
"1172",2023-03-26,"4",2.93839677576414,"ENT","Deferred"
"1173",2023-03-27,"4",2.71334881976077,"ENT","Deferred"
"1174",2023-03-28,"4",2.60373924948144,"ENT","Deferred"
"1175",2023-03-29,"4",2.45107244565215,"ENT","Deferred"
"1176",2023-03-30,"4",2.43948758847669,"ENT","Deferred"
"1177",2023-03-31,"4",2.47380774676905,"ENT","Deferred"
"1178",2023-04-01,"4",2.35261574442874,"ENT","Deferred"
"1179",2023-04-02,"4",2.30523955940377,"ENT","Deferred"
"1180",2023-04-03,"4",2.20625622061685,"ENT","Deferred"
"1181",2023-04-04,"4",2.07101244930583,"ENT","Deferred"
"1182",2023-04-05,"4",2.27680729487181,"ENT","Deferred"
"1183",2023-04-06,"4",2.37164857664441,"ENT","Deferred"
"1184",2023-04-07,"4",2.39953995337463,"ENT","Deferred"
"1185",2023-04-08,"4",2.44519812176939,"ENT","Deferred"
"1186",2023-04-09,"4",2.61100336656768,"ENT","Deferred"
"1187",2023-04-10,"4",2.51647832387462,"ENT","Deferred"
"1188",2023-04-11,"4",2.63187106175376,"ENT","Deferred"
"1189",2023-04-12,"4",2.68267141800366,"ENT","Deferred"
"1190",2023-04-13,"4",2.66124708828594,"ENT","Deferred"
"1191",2023-04-14,"4",2.61308184764892,"ENT","Deferred"
"1192",2023-04-15,"4",2.62246010783833,"ENT","Deferred"
"1193",2023-04-16,"4",2.38262981780215,"ENT","Deferred"
"1194",2023-04-17,"4",2.45101692097904,"ENT","Deferred"
"1195",2023-04-18,"4",2.36626083193371,"ENT","Deferred"
"1196",2023-04-19,"4",2.37941421079177,"ENT","Deferred"
"1197",2023-04-20,"4",2.47548078636833,"ENT","Deferred"
"1198",2023-04-21,"4",2.39593755611692,"ENT","Deferred"
"1199",2023-04-22,"4",2.54666248639781,"ENT","Deferred"
"1200",2023-04-23,"4",2.58005599477001,"ENT","Deferred"
"1201",2023-04-24,"4",2.63771719158206,"ENT","Deferred"
"1202",2023-04-25,"4",2.66355419816981,"ENT","Deferred"
"1203",2023-04-26,"4",2.83314549220868,"ENT","Deferred"
"1204",2023-04-27,"4",2.8547792654911,"ENT","Deferred"
"1205",2023-04-28,"4",2.84832158130666,"ENT","Deferred"
"1206",2023-04-29,"4",2.84209145934072,"ENT","Deferred"
"1207",2023-04-30,"4",2.85152748518653,"ENT","Deferred"
"1208",2023-05-01,"4",2.86294090189587,"ENT","Deferred"
"1209",2023-05-02,"4",2.8845164533424,"ENT","Deferred"
"1210",2023-05-03,"4",2.68252977093928,"ENT","Deferred"
"1211",2023-05-04,"4",2.65494079803739,"ENT","Deferred"
"1212",2023-05-05,"4",2.63160515741982,"ENT","Deferred"
"1213",2023-05-06,"4",2.6080257386082,"ENT","Deferred"
"1214",2023-05-07,"4",2.67524983048102,"ENT","Deferred"
"1215",2023-05-08,"4",2.67497873538123,"ENT","Deferred"
"1216",2023-05-09,"4",2.68069285300982,"ENT","Deferred"
"1217",2023-05-10,"4",2.61866212703999,"ENT","Deferred"
"1218",2023-05-11,"4",2.78837097807463,"ENT","Deferred"
"1219",2023-05-12,"4",2.82824267652798,"ENT","Deferred"
"1220",2023-05-13,"4",2.68497824460644,"ENT","Deferred"
"1221",2023-05-14,"4",2.7088897694135,"ENT","Deferred"
"1222",2023-05-15,"4",2.8642650634651,"ENT","Deferred"
"1223",2023-05-16,"4",2.91400806434672,"ENT","Deferred"
"1224",2023-05-17,"4",2.92281731528794,"ENT","Deferred"
"1225",2023-05-18,"4",2.85146965975876,"ENT","Deferred"
"1226",2023-05-19,"4",2.74787817187786,"ENT","Deferred"
"1227",2023-05-20,"4",2.50290193136105,"ENT","Deferred"
"1228",2023-05-21,"4",2.6135149926093,"ENT","Deferred"
"1229",2023-05-22,"4",2.7688192919281,"ENT","Deferred"
"1230",2023-05-23,"4",2.79580883968377,"ENT","Deferred"
"1231",2023-05-24,"4",2.667306521534,"ENT","Deferred"
"1232",2023-05-25,"4",2.56337626130301,"ENT","Deferred"
"1233",2023-05-26,"4",2.60371320994192,"ENT","Deferred"
"1234",2023-05-27,"4",2.8861843793765,"ENT","Deferred"
"1235",2023-05-28,"4",3.02621898663265,"ENT","Deferred"
"1236",2023-05-29,"4",3.03690128608344,"ENT","Deferred"
"1237",2023-05-30,"4",2.9888842609081,"ENT","Deferred"
"1238",2023-05-31,"4",2.83093245414439,"ENT","Deferred"
"1239",2023-06-01,"4",2.55206415417025,"ENT","Deferred"
"1240",2023-06-02,"4",2.51898616010391,"ENT","Deferred"
"1241",2023-06-03,"4",2.5575980379433,"ENT","Deferred"
"1242",2023-06-04,"4",2.4072070805361,"ENT","Deferred"
"1243",2023-06-05,"4",2.14489701871314,"ENT","Deferred"
"1244",2023-06-06,"4",2.32089561963674,"ENT","Deferred"
"1245",2023-06-07,"4",2.19309029129777,"ENT","Deferred"
"1246",2023-06-08,"4",2.23980982496054,"ENT","Deferred"
"1247",2023-06-09,"4",2.33968656589384,"ENT","Deferred"
"1248",2023-06-10,"4",2.3854879132076,"ENT","Deferred"
"1249",2023-06-11,"4",2.50209122105549,"ENT","Deferred"
"1250",2023-06-12,"4",2.32886083652045,"ENT","Deferred"
"1251",2023-06-13,"4",2.5545854620688,"ENT","Deferred"
"1252",2023-06-14,"4",2.4635241939176,"ENT","Deferred"
"1253",2023-06-15,"4",2.23835748004726,"ENT","Deferred"
"1254",2023-06-16,"4",2.23131499010143,"ENT","Deferred"
"1255",2023-06-17,"4",2.27260136272099,"ENT","Deferred"
"1256",2023-06-18,"4",2.4365256383413,"ENT","Deferred"
"1257",2023-06-19,"4",2.4959305665143,"ENT","Deferred"
"1258",2023-06-20,"4",2.59105728149647,"ENT","Deferred"
"1259",2023-06-21,"4",2.50867486765841,"ENT","Deferred"
"1260",2023-06-22,"4",2.28405702790696,"ENT","Deferred"
"1261",2023-06-23,"4",2.41660344714899,"ENT","Deferred"
"1262",2023-06-24,"4",2.66537643443697,"ENT","Deferred"
"1263",2023-06-25,"4",2.83622093353322,"ENT","Deferred"
"1264",2023-06-26,"4",2.85715424279381,"ENT","Deferred"
"1265",2023-06-27,"4",2.84986193680172,"ENT","Deferred"
"1266",2023-06-28,"4",2.63348541759908,"ENT","Deferred"
"1267",2023-06-29,"4",2.66493584288855,"ENT","Deferred"
"1268",2023-06-30,"4",2.59356896043046,"ENT","Deferred"
"1269",2023-07-01,"4",2.53420982998825,"ENT","Deferred"
"1270",2023-07-02,"4",2.55602665938493,"ENT","Deferred"
"1271",2023-07-03,"4",2.63698203060523,"ENT","Deferred"
"1272",2023-07-04,"4",2.62000665515301,"ENT","Deferred"
"1273",2023-07-05,"4",2.44770733962841,"ENT","Deferred"
"1274",2023-07-06,"4",2.4621739446845,"ENT","Deferred"
"1275",2023-07-07,"4",2.60047407362391,"ENT","Deferred"
"1276",2023-07-08,"4",2.46344589157713,"ENT","Deferred"
"1277",2023-07-09,"4",2.58478088487048,"ENT","Deferred"
"1278",2023-07-10,"4",2.6247057382951,"ENT","Deferred"
"1279",2023-07-11,"4",2.63314460694258,"ENT","Deferred"
"1280",2023-07-12,"4",2.78630049594916,"ENT","Deferred"
"1281",2023-07-13,"4",2.71935160381537,"ENT","Deferred"
"1282",2023-07-14,"4",2.71757927529892,"ENT","Deferred"
"1283",2023-07-15,"4",2.8448660818797,"ENT","Deferred"
"1284",2023-07-16,"4",2.78513697114103,"ENT","Deferred"
"1285",2023-07-17,"4",2.74050297520945,"ENT","Deferred"
"1286",2023-07-18,"4",2.62968421515976,"ENT","Deferred"
"1287",2023-07-19,"4",2.80821395528525,"ENT","Deferred"
"1288",2023-07-20,"4",2.97450530521456,"ENT","Deferred"
"1289",2023-07-21,"4",2.79456191522647,"ENT","Deferred"
"1290",2023-07-22,"4",2.7951863295838,"ENT","Deferred"
"1291",2023-07-23,"4",2.91020398074926,"ENT","Deferred"
"1292",2023-07-24,"4",2.9525575011327,"ENT","Deferred"
"1293",2023-07-25,"4",3.01967668107015,"ENT","Deferred"
"1294",2023-07-26,"4",2.99855509518789,"ENT","Deferred"
"1295",2023-07-27,"4",2.84514966973544,"ENT","Deferred"
"1296",2023-07-28,"4",2.84848356870927,"ENT","Deferred"
"1297",2023-07-29,"4",2.9098306156774,"ENT","Deferred"
"1298",2023-07-30,"4",2.98999466961017,"ENT","Deferred"
"1299",2023-07-31,"4",3.22547779967961,"ENT","Deferred"
"1300",2023-08-01,"4",3.27700766167435,"ENT","Deferred"
"1301",2023-08-02,"4",3.23490964108711,"ENT","Deferred"
"1302",2023-08-03,"4",3.12309647911237,"ENT","Deferred"
"1303",2023-08-04,"4",2.9902021937237,"ENT","Deferred"
"1304",2023-08-05,"4",3.02138055475245,"ENT","Deferred"
"1305",2023-08-06,"4",2.78557925038334,"ENT","Deferred"
"1306",2023-08-07,"4",2.72392165360963,"ENT","Deferred"
"1307",2023-08-08,"4",3.00111825138044,"ENT","Deferred"
"1308",2023-08-09,"4",2.89917921849195,"ENT","Deferred"
"1309",2023-08-10,"4",2.80912991520927,"ENT","Deferred"
"1310",2023-08-11,"4",2.5854625979605,"ENT","Deferred"
"1311",2023-08-12,"4",2.40890999069205,"ENT","Deferred"
"1312",2023-08-13,"4",2.57975655642706,"ENT","Deferred"
"1313",2023-08-14,"4",2.61365514152143,"ENT","Deferred"
"1314",2023-08-15,"4",2.6233227534352,"ENT","Deferred"
"1315",2023-08-16,"4",2.62291640116051,"ENT","Deferred"
"1316",2023-08-17,"4",2.6051616729968,"ENT","Deferred"
"1317",2023-08-18,"4",2.71179604739847,"ENT","Deferred"
"1318",2023-08-19,"4",2.72957573978887,"ENT","Deferred"
"1319",2023-08-20,"4",2.75185038895877,"ENT","Deferred"
"1320",2023-08-21,"4",2.75622903490612,"ENT","Deferred"
"1321",2023-08-22,"4",2.8827557496527,"ENT","Deferred"
"1322",2023-08-23,"4",2.90948528323184,"ENT","Deferred"
"1323",2023-08-24,"4",2.958295286152,"ENT","Deferred"
"1324",2023-08-25,"4",3.11292948126662,"ENT","Deferred"
"1325",2023-08-26,"4",3.09260165734312,"ENT","Deferred"
"1326",2023-08-27,"4",3.02608509547658,"ENT","Deferred"
"1327",2023-08-28,"4",3.03990454747654,"ENT","Deferred"
"1328",2023-08-29,"4",3.04179856118201,"ENT","Deferred"
"1329",2023-08-30,"4",3.11951872402158,"ENT","Deferred"
"1330",2023-08-31,"4",2.97505975759013,"ENT","Deferred"
"1331",2023-09-01,"4",2.97001438762286,"ENT","Deferred"
"1332",2023-09-02,"4",2.84396744817339,"ENT","Deferred"
"1333",2023-09-03,"4",2.69269143399899,"ENT","Deferred"
"1334",2023-09-04,"4",2.60198986861291,"ENT","Deferred"
"1335",2023-09-05,"4",2.84319173514934,"ENT","Deferred"
"1336",2023-09-06,"4",2.98866238558086,"ENT","Deferred"
"1337",2023-09-07,"4",3.16709339964976,"ENT","Deferred"
"1338",2023-09-08,"4",3.28506890985594,"ENT","Deferred"
"1339",2023-09-09,"4",3.21749054845997,"ENT","Deferred"
"1340",2023-09-10,"4",3.1765938804902,"ENT","Deferred"
"1341",2023-09-11,"4",3.13975160459211,"ENT","Deferred"
"1342",2023-09-12,"4",3.02057659430917,"ENT","Deferred"
"1343",2023-09-13,"4",3.01635605814323,"ENT","Deferred"
"1344",2023-09-14,"4",2.85492821488853,"ENT","Deferred"
"1345",2023-09-15,"4",2.91225094543708,"ENT","Deferred"
"1346",2023-09-16,"4",2.95100960752957,"ENT","Deferred"
"1347",2023-09-17,"4",2.93906730488368,"ENT","Deferred"
"1348",2023-09-18,"4",2.93277965905862,"ENT","Deferred"
"1349",2023-09-19,"4",2.93700824892485,"ENT","Deferred"
"1350",2023-09-20,"4",2.70981873847865,"ENT","Deferred"
"1351",2023-09-21,"4",2.88812706642523,"ENT","Deferred"
"1352",2023-09-22,"4",2.78890645783273,"ENT","Deferred"
"1353",2023-09-23,"4",2.8612934184873,"ENT","Deferred"
"1354",2023-09-24,"4",2.85783315271842,"ENT","Deferred"
"1355",2023-09-25,"4",3.04216815517165,"ENT","Deferred"
"1356",2023-09-26,"4",2.84977866662955,"ENT","Deferred"
"1357",2023-09-27,"4",3.03571626017332,"ENT","Deferred"
"1358",2023-09-28,"4",3.00369333715687,"ENT","Deferred"
"1359",2023-09-29,"4",2.87338889726524,"ENT","Deferred"
"1360",2023-09-30,"4",2.66824661852685,"ENT","Deferred"
"1361",2023-10-01,"4",2.64835365240822,"ENT","Deferred"
"1362",2023-10-02,"4",2.55958559330954,"ENT","Deferred"
"1363",2023-10-03,"4",2.4641062937728,"ENT","Deferred"
"1364",2023-10-04,"4",2.43422876893286,"ENT","Deferred"
"1365",2023-10-05,"4",2.49895098824289,"ENT","Deferred"
"1366",2023-10-06,"4",2.69256919100122,"ENT","Deferred"
"1367",2023-10-07,"4",2.79277665913214,"ENT","Deferred"
"1368",2023-10-08,"4",2.91546805750713,"ENT","Deferred"
"1369",2023-10-09,"4",2.94122981664872,"ENT","Deferred"
"1370",2023-10-10,"4",3.29225634975757,"ENT","Deferred"
"1371",2023-10-11,"4",3.19043988872193,"ENT","Deferred"
"1372",2023-10-12,"4",3.13165594427131,"ENT","Deferred"
"1373",2023-10-13,"4",3.09431782813568,"ENT","Deferred"
"1374",2023-10-14,"4",3.13320849636682,"ENT","Deferred"
"1375",2023-10-15,"4",3.06065429148733,"ENT","Deferred"
"1376",2023-10-16,"4",3.3695600983836,"ENT","Deferred"
"1377",2023-10-17,"4",3.39221938337214,"ENT","Deferred"
"1378",2023-10-18,"4",3.41926524508399,"ENT","Deferred"
"1379",2023-10-19,"4",3.27988599323758,"ENT","Deferred"
"1380",2023-10-20,"4",3.08545128098054,"ENT","Deferred"
"1381",2023-10-21,"4",2.99461349816068,"ENT","Deferred"
"1382",2023-10-22,"4",3.10168222270706,"ENT","Deferred"
"1383",2023-10-23,"4",3.22595488634872,"ENT","Deferred"
"1384",2023-10-24,"4",3.02726690414455,"ENT","Deferred"
"1385",2023-10-25,"4",2.9646932109314,"ENT","Deferred"
"1386",2023-10-26,"4",2.91510903986097,"ENT","Deferred"
"1387",2023-10-27,"4",2.84412369422352,"ENT","Deferred"
"1388",2023-10-28,"4",3.03215007284168,"ENT","Deferred"
"1389",2023-10-29,"4",3.15875134770566,"ENT","Deferred"
"1390",2023-10-30,"4",3.03773940635516,"ENT","Deferred"
"1391",2023-10-31,"4",3.01983609566683,"ENT","Deferred"
"1392",2023-11-01,"4",3.05921774649669,"ENT","Deferred"
"1393",2023-11-02,"4",3.04154535929039,"ENT","Deferred"
"1394",2023-11-03,"4",2.97295976746352,"ENT","Deferred"
"1395",2023-11-04,"4",2.84612559099787,"ENT","Deferred"
"1396",2023-11-05,"4",2.80623087482856,"ENT","Deferred"
"1397",2023-11-06,"4",2.74030346817549,"ENT","Deferred"
"1398",2023-11-07,"4",2.62114508354138,"ENT","Deferred"
"1399",2023-11-08,"4",2.33869002982338,"ENT","Deferred"
"1400",2023-11-09,"4",2.14784896290229,"ENT","Deferred"
"1401",2023-11-10,"4",2.22048045761061,"ENT","Deferred"
"1402",2023-11-11,"4",2.28893586931523,"ENT","Deferred"
"1403",2023-11-12,"4",2.51126270629758,"ENT","Deferred"
"1404",2023-11-13,"4",2.48002106716188,"ENT","Deferred"
"1405",2023-11-14,"4",2.59302997210988,"ENT","Deferred"
"1406",2023-11-15,"4",2.35832441643114,"ENT","Deferred"
"1407",2023-11-16,"4",2.34183843824989,"ENT","Deferred"
"1408",2023-11-17,"4",2.38927024415818,"ENT","Deferred"
"1409",2023-11-18,"4",2.41160753462022,"ENT","Deferred"
"1410",2023-11-19,"4",2.40577835253918,"ENT","Deferred"
"1411",2023-11-20,"4",2.53349565039346,"ENT","Deferred"
"1412",2023-11-21,"4",2.84791981161058,"ENT","Deferred"
"1413",2023-11-22,"4",2.78984699670754,"ENT","Deferred"
"1414",2023-11-23,"4",2.7399092838633,"ENT","Deferred"
"1415",2023-11-24,"4",2.71719284322607,"ENT","Deferred"
"1416",2023-11-25,"4",2.68396239092843,"ENT","Deferred"
"1417",2023-11-26,"4",2.7193511821284,"ENT","Deferred"
"1418",2023-11-27,"4",2.66530546593222,"ENT","Deferred"
"1419",2023-11-28,"4",2.63862608127436,"ENT","Deferred"
"1420",2023-11-29,"4",2.80266953023524,"ENT","Deferred"
"1421",2023-11-30,"4",2.85777266883306,"ENT","Deferred"
"1422",2023-12-01,"4",2.76793405225508,"ENT","Deferred"
"1423",2023-12-02,"4",3.0023996575471,"ENT","Deferred"
"1424",2023-12-03,"4",3.04921738697937,"ENT","Deferred"
"1425",2023-12-04,"4",2.8997078095731,"ENT","Deferred"
"1426",2023-12-05,"4",2.92063336063287,"ENT","Deferred"
"1427",2023-12-06,"4",2.94468563050771,"ENT","Deferred"
"1428",2023-12-07,"4",2.81106899312891,"ENT","Deferred"
"1429",2023-12-08,"4",2.69096482731909,"ENT","Deferred"
"1430",2023-12-09,"4",2.83424189603305,"ENT","Deferred"
"1431",2023-12-10,"4",2.81182482129757,"ENT","Deferred"
"1432",2023-12-11,"4",2.81594113300701,"ENT","Deferred"
"1433",2023-12-12,"4",2.84531384845192,"ENT","Deferred"
"1434",2023-12-13,"4",2.7367062330696,"ENT","Deferred"
"1435",2023-12-14,"4",2.91107354509712,"ENT","Deferred"
"1436",2023-12-15,"4",3.00603716362303,"ENT","Deferred"
"1437",2023-12-16,"4",2.93261753704477,"ENT","Deferred"
"1438",2023-12-17,"4",2.86164448465648,"ENT","Deferred"
"1439",2023-12-18,"4",2.93546965938609,"ENT","Deferred"
"1440",2023-12-19,"4",2.89049716656423,"ENT","Deferred"
"1441",2023-12-20,"4",2.78141252391915,"ENT","Deferred"
"1442",2023-12-21,"4",2.69171285199182,"ENT","Deferred"
"1443",2023-12-22,"4",2.82458960023855,"ENT","Deferred"
"1444",2023-12-23,"4",2.98659267606896,"ENT","Deferred"
"1445",2023-12-24,"4",2.96805180506279,"ENT","Deferred"
"1446",2023-12-25,"4",2.90492793691122,"ENT","Deferred"
"1447",2023-12-26,"4",2.92947245323447,"ENT","Deferred"
"1448",2023-12-27,"4",2.83072176934996,"ENT","Deferred"
"1449",2023-12-28,"4",2.92781107719439,"ENT","Deferred"
"1450",2023-12-29,"4",2.80501890406642,"ENT","Deferred"
"1451",2023-12-30,"4",2.79593734477729,"ENT","Deferred"
"1452",2023-12-31,"4",2.84877824671911,"ENT","Deferred"
"1453",2024-01-01,"4",2.66127459701765,"ENT","Deferred"
"1454",2024-01-02,"4",2.85007930646773,"ENT","Deferred"
"1455",2024-01-03,"4",2.83836879573732,"ENT","Deferred"
"1456",2024-01-04,"4",2.97378529319999,"ENT","Deferred"
"1457",2024-01-05,"4",2.91747847720744,"ENT","Deferred"
"1458",2024-01-06,"4",3.01027969398098,"ENT","Deferred"
"1459",2024-01-07,"4",3.11114667279879,"ENT","Deferred"
"1460",2024-01-08,"4",3.02834833674003,"ENT","Deferred"
"1461",2023-01-09,"5",1.93188190054292,"ENT","Deferred"
"1462",2023-01-10,"5",2.01756693906272,"ENT","Deferred"
"1463",2023-01-11,"5",1.96022298242159,"ENT","Deferred"
"1464",2023-01-12,"5",1.99292575092321,"ENT","Deferred"
"1465",2023-01-13,"5",1.95848629384926,"ENT","Deferred"
"1466",2023-01-14,"5",2.01633114586674,"ENT","Deferred"
"1467",2023-01-15,"5",2.03809280875519,"ENT","Deferred"
"1468",2023-01-16,"5",1.94244424300639,"ENT","Deferred"
"1469",2023-01-17,"5",2.14664482979668,"ENT","Deferred"
"1470",2023-01-18,"5",2.14301761615472,"ENT","Deferred"
"1471",2023-01-19,"5",2.08565821319322,"ENT","Deferred"
"1472",2023-01-20,"5",2.05543236852687,"ENT","Deferred"
"1473",2023-01-21,"5",2.06987045021012,"ENT","Deferred"
"1474",2023-01-22,"5",2.10330070664881,"ENT","Deferred"
"1475",2023-01-23,"5",2.14205191158155,"ENT","Deferred"
"1476",2023-01-24,"5",1.94713326611122,"ENT","Deferred"
"1477",2023-01-25,"5",1.92637906452315,"ENT","Deferred"
"1478",2023-01-26,"5",1.88758026257329,"ENT","Deferred"
"1479",2023-01-27,"5",2.04543765164473,"ENT","Deferred"
"1480",2023-01-28,"5",2.20008431934206,"ENT","Deferred"
"1481",2023-01-29,"5",2.00287928627757,"ENT","Deferred"
"1482",2023-01-30,"5",1.98099736585805,"ENT","Deferred"
"1483",2023-01-31,"5",1.77582208429351,"ENT","Deferred"
"1484",2023-02-01,"5",1.66073893634997,"ENT","Deferred"
"1485",2023-02-02,"5",1.56339369767193,"ENT","Deferred"
"1486",2023-02-03,"5",1.604375566709,"ENT","Deferred"
"1487",2023-02-04,"5",1.47964425405287,"ENT","Deferred"
"1488",2023-02-05,"5",1.60884700858969,"ENT","Deferred"
"1489",2023-02-06,"5",1.49921859869473,"ENT","Deferred"
"1490",2023-02-07,"5",1.77443026472827,"ENT","Deferred"
"1491",2023-02-08,"5",1.7530928381124,"ENT","Deferred"
"1492",2023-02-09,"5",1.81739989722171,"ENT","Deferred"
"1493",2023-02-10,"5",1.86380783448518,"ENT","Deferred"
"1494",2023-02-11,"5",1.88313624389333,"ENT","Deferred"
"1495",2023-02-12,"5",1.90965871239421,"ENT","Deferred"
"1496",2023-02-13,"5",1.83459242340866,"ENT","Deferred"
"1497",2023-02-14,"5",2.04535441616445,"ENT","Deferred"
"1498",2023-02-15,"5",2.07896566536688,"ENT","Deferred"
"1499",2023-02-16,"5",2.09522859555259,"ENT","Deferred"
"1500",2023-02-17,"5",2.12644621658535,"ENT","Deferred"
"1501",2023-02-18,"5",2.08678248026202,"ENT","Deferred"
"1502",2023-02-19,"5",2.11959599848139,"ENT","Deferred"
"1503",2023-02-20,"5",2.10055997233728,"ENT","Deferred"
"1504",2023-02-21,"5",2.20075096562909,"ENT","Deferred"
"1505",2023-02-22,"5",2.29693858308868,"ENT","Deferred"
"1506",2023-02-23,"5",2.45069050473019,"ENT","Deferred"
"1507",2023-02-24,"5",2.34885853078125,"ENT","Deferred"
"1508",2023-02-25,"5",2.25679097548789,"ENT","Deferred"
"1509",2023-02-26,"5",2.25839594158391,"ENT","Deferred"
"1510",2023-02-27,"5",2.25382463285968,"ENT","Deferred"
"1511",2023-02-28,"5",2.45847960973955,"ENT","Deferred"
"1512",2023-03-01,"5",2.55312552662831,"ENT","Deferred"
"1513",2023-03-02,"5",2.45473679530175,"ENT","Deferred"
"1514",2023-03-03,"5",2.45966274272411,"ENT","Deferred"
"1515",2023-03-04,"5",2.44978811866892,"ENT","Deferred"
"1516",2023-03-05,"5",2.5939773049664,"ENT","Deferred"
"1517",2023-03-06,"5",2.64032952867738,"ENT","Deferred"
"1518",2023-03-07,"5",2.65440333150045,"ENT","Deferred"
"1519",2023-03-08,"5",2.49816372232224,"ENT","Deferred"
"1520",2023-03-09,"5",2.57478394480241,"ENT","Deferred"
"1521",2023-03-10,"5",2.59310615375964,"ENT","Deferred"
"1522",2023-03-11,"5",2.42471780501258,"ENT","Deferred"
"1523",2023-03-12,"5",2.51955969699509,"ENT","Deferred"
"1524",2023-03-13,"5",2.53220890382601,"ENT","Deferred"
"1525",2023-03-14,"5",2.45556577108592,"ENT","Deferred"
"1526",2023-03-15,"5",2.47656696426082,"ENT","Deferred"
"1527",2023-03-16,"5",2.73449517360434,"ENT","Deferred"
"1528",2023-03-17,"5",2.76916565607854,"ENT","Deferred"
"1529",2023-03-18,"5",2.73683432486923,"ENT","Deferred"
"1530",2023-03-19,"5",2.82235046306608,"ENT","Deferred"
"1531",2023-03-20,"5",2.67463541500398,"ENT","Deferred"
"1532",2023-03-21,"5",2.6829332944807,"ENT","Deferred"
"1533",2023-03-22,"5",2.70885237515222,"ENT","Deferred"
"1534",2023-03-23,"5",2.49540087485593,"ENT","Deferred"
"1535",2023-03-24,"5",2.34627763172027,"ENT","Deferred"
"1536",2023-03-25,"5",2.29002649794269,"ENT","Deferred"
"1537",2023-03-26,"5",2.36556186617205,"ENT","Deferred"
"1538",2023-03-27,"5",2.40163922169211,"ENT","Deferred"
"1539",2023-03-28,"5",2.30360829424579,"ENT","Deferred"
"1540",2023-03-29,"5",2.05139985908624,"ENT","Deferred"
"1541",2023-03-30,"5",1.78997171189211,"ENT","Deferred"
"1542",2023-03-31,"5",1.96315138785656,"ENT","Deferred"
"1543",2023-04-01,"5",1.86360271993383,"ENT","Deferred"
"1544",2023-04-02,"5",1.74631122257982,"ENT","Deferred"
"1545",2023-04-03,"5",1.89171724045205,"ENT","Deferred"
"1546",2023-04-04,"5",2.02085116349863,"ENT","Deferred"
"1547",2023-04-05,"5",2.16587589950611,"ENT","Deferred"
"1548",2023-04-06,"5",2.13610459118132,"ENT","Deferred"
"1549",2023-04-07,"5",2.36093935866099,"ENT","Deferred"
"1550",2023-04-08,"5",2.43125170983508,"ENT","Deferred"
"1551",2023-04-09,"5",2.50161785294745,"ENT","Deferred"
"1552",2023-04-10,"5",2.4437720277275,"ENT","Deferred"
"1553",2023-04-11,"5",2.42529029000514,"ENT","Deferred"
"1554",2023-04-12,"5",2.40553743833887,"ENT","Deferred"
"1555",2023-04-13,"5",2.33235898110391,"ENT","Deferred"
"1556",2023-04-14,"5",2.46294845004079,"ENT","Deferred"
"1557",2023-04-15,"5",2.45908887346032,"ENT","Deferred"
"1558",2023-04-16,"5",2.4967918891591,"ENT","Deferred"
"1559",2023-04-17,"5",2.49972204126484,"ENT","Deferred"
"1560",2023-04-18,"5",2.5201841146836,"ENT","Deferred"
"1561",2023-04-19,"5",2.44828011840121,"ENT","Deferred"
"1562",2023-04-20,"5",2.46118390005691,"ENT","Deferred"
"1563",2023-04-21,"5",2.57050368800816,"ENT","Deferred"
"1564",2023-04-22,"5",2.6599569072266,"ENT","Deferred"
"1565",2023-04-23,"5",2.48483147512772,"ENT","Deferred"
"1566",2023-04-24,"5",2.2849582684745,"ENT","Deferred"
"1567",2023-04-25,"5",2.56983778487587,"ENT","Deferred"
"1568",2023-04-26,"5",2.61345581063774,"ENT","Deferred"
"1569",2023-04-27,"5",2.51234948674541,"ENT","Deferred"
"1570",2023-04-28,"5",2.62156343090362,"ENT","Deferred"
"1571",2023-04-29,"5",2.69634242088907,"ENT","Deferred"
"1572",2023-04-30,"5",2.74972501721355,"ENT","Deferred"
"1573",2023-05-01,"5",2.76044078992593,"ENT","Deferred"
"1574",2023-05-02,"5",2.98405899103356,"ENT","Deferred"
"1575",2023-05-03,"5",2.96087558820552,"ENT","Deferred"
"1576",2023-05-04,"5",2.74163029601812,"ENT","Deferred"
"1577",2023-05-05,"5",2.78634312728395,"ENT","Deferred"
"1578",2023-05-06,"5",2.78860732190935,"ENT","Deferred"
"1579",2023-05-07,"5",2.52257399435552,"ENT","Deferred"
"1580",2023-05-08,"5",2.63923587949116,"ENT","Deferred"
"1581",2023-05-09,"5",2.72405251726639,"ENT","Deferred"
"1582",2023-05-10,"5",2.76385710328167,"ENT","Deferred"
"1583",2023-05-11,"5",2.71665556593058,"ENT","Deferred"
"1584",2023-05-12,"5",2.71801605339561,"ENT","Deferred"
"1585",2023-05-13,"5",2.58172113098816,"ENT","Deferred"
"1586",2023-05-14,"5",2.45083010129767,"ENT","Deferred"
"1587",2023-05-15,"5",2.29008958472036,"ENT","Deferred"
"1588",2023-05-16,"5",2.32747838124652,"ENT","Deferred"
"1589",2023-05-17,"5",2.19372080255259,"ENT","Deferred"
"1590",2023-05-18,"5",2.09126320518885,"ENT","Deferred"
"1591",2023-05-19,"5",2.03798041819038,"ENT","Deferred"
"1592",2023-05-20,"5",1.89535047249617,"ENT","Deferred"
"1593",2023-05-21,"5",1.84720127820354,"ENT","Deferred"
"1594",2023-05-22,"5",1.81402664063213,"ENT","Deferred"
"1595",2023-05-23,"5",1.87119102491145,"ENT","Deferred"
"1596",2023-05-24,"5",1.84462617746667,"ENT","Deferred"
"1597",2023-05-25,"5",1.56174891900673,"ENT","Deferred"
"1598",2023-05-26,"5",1.53545581300795,"ENT","Deferred"
"1599",2023-05-27,"5",1.5661567923102,"ENT","Deferred"
"1600",2023-05-28,"5",1.65280139926184,"ENT","Deferred"
"1601",2023-05-29,"5",1.35249249124797,"ENT","Deferred"
"1602",2023-05-30,"5",1.46316916199072,"ENT","Deferred"
"1603",2023-05-31,"5",1.54619638725147,"ENT","Deferred"
"1604",2023-06-01,"5",1.40750107320705,"ENT","Deferred"
"1605",2023-06-02,"5",1.4554625806994,"ENT","Deferred"
"1606",2023-06-03,"5",1.37734213262016,"ENT","Deferred"
"1607",2023-06-04,"5",1.51332506292206,"ENT","Deferred"
"1608",2023-06-05,"5",1.46067469703887,"ENT","Deferred"
"1609",2023-06-06,"5",1.42968369213218,"ENT","Deferred"
"1610",2023-06-07,"5",1.29403282547168,"ENT","Deferred"
"1611",2023-06-08,"5",1.06574630393289,"ENT","Deferred"
"1612",2023-06-09,"5",0,"ENT","Deferred"
"1613",2023-06-10,"5",1.08254445834632,"ENT","Deferred"
"1614",2023-06-11,"5",1.18762215596265,"ENT","Deferred"
"1615",2023-06-12,"5",1.31717443563304,"ENT","Deferred"
"1616",2023-06-13,"5",1.56040662470732,"ENT","Deferred"
"1617",2023-06-14,"5",1.53496657977401,"ENT","Deferred"
"1618",2023-06-15,"5",1.54886453448896,"ENT","Deferred"
"1619",2023-06-16,"5",1.35657871553348,"ENT","Deferred"
"1620",2023-06-17,"5",1.26235767708437,"ENT","Deferred"
"1621",2023-06-18,"5",1.36749676328045,"ENT","Deferred"
"1622",2023-06-19,"5",1.36973103057864,"ENT","Deferred"
"1623",2023-06-20,"5",1.37287288011895,"ENT","Deferred"
"1624",2023-06-21,"5",1.43902341639828,"ENT","Deferred"
"1625",2023-06-22,"5",1.51975461658092,"ENT","Deferred"
"1626",2023-06-23,"5",1.37070139431344,"ENT","Deferred"
"1627",2023-06-24,"5",1.4091858354381,"ENT","Deferred"
"1628",2023-06-25,"5",1.41579847297519,"ENT","Deferred"
"1629",2023-06-26,"5",1.5196538873389,"ENT","Deferred"
"1630",2023-06-27,"5",1.62599026847868,"ENT","Deferred"
"1631",2023-06-28,"5",1.62115683481292,"ENT","Deferred"
"1632",2023-06-29,"5",1.43977177082241,"ENT","Deferred"
"1633",2023-06-30,"5",1.49469146015519,"ENT","Deferred"
"1634",2023-07-01,"5",1.45489344179974,"ENT","Deferred"
"1635",2023-07-02,"5",1.56545725766152,"ENT","Deferred"
"1636",2023-07-03,"5",1.62781088707773,"ENT","Deferred"
"1637",2023-07-04,"5",1.76827875553672,"ENT","Deferred"
"1638",2023-07-05,"5",1.54797538320593,"ENT","Deferred"
"1639",2023-07-06,"5",1.43967093912488,"ENT","Deferred"
"1640",2023-07-07,"5",1.57638761858102,"ENT","Deferred"
"1641",2023-07-08,"5",1.63100541942958,"ENT","Deferred"
"1642",2023-07-09,"5",1.49875189037043,"ENT","Deferred"
"1643",2023-07-10,"5",1.46319573138015,"ENT","Deferred"
"1644",2023-07-11,"5",1.44910654120906,"ENT","Deferred"
"1645",2023-07-12,"5",1.44941544079592,"ENT","Deferred"
"1646",2023-07-13,"5",1.42122546478047,"ENT","Deferred"
"1647",2023-07-14,"5",1.48105213392251,"ENT","Deferred"
"1648",2023-07-15,"5",1.53439527173581,"ENT","Deferred"
"1649",2023-07-16,"5",1.48800880590324,"ENT","Deferred"
"1650",2023-07-17,"5",1.55195280457062,"ENT","Deferred"
"1651",2023-07-18,"5",1.74136550051767,"ENT","Deferred"
"1652",2023-07-19,"5",1.79335527487448,"ENT","Deferred"
"1653",2023-07-20,"5",1.80652944475176,"ENT","Deferred"
"1654",2023-07-21,"5",1.75769869339933,"ENT","Deferred"
"1655",2023-07-22,"5",1.66076806570147,"ENT","Deferred"
"1656",2023-07-23,"5",1.69494548774473,"ENT","Deferred"
"1657",2023-07-24,"5",1.71453171527976,"ENT","Deferred"
"1658",2023-07-25,"5",1.78954727390816,"ENT","Deferred"
"1659",2023-07-26,"5",1.57872716566066,"ENT","Deferred"
"1660",2023-07-27,"5",1.77255730258925,"ENT","Deferred"
"1661",2023-07-28,"5",1.95274354052117,"ENT","Deferred"
"1662",2023-07-29,"5",1.99719134218937,"ENT","Deferred"
"1663",2023-07-30,"5",1.97418563194129,"ENT","Deferred"
"1664",2023-07-31,"5",2.0180475998586,"ENT","Deferred"
"1665",2023-08-01,"5",1.83482268513232,"ENT","Deferred"
"1666",2023-08-02,"5",1.83115105033317,"ENT","Deferred"
"1667",2023-08-03,"5",1.70467836962854,"ENT","Deferred"
"1668",2023-08-04,"5",1.67168772973498,"ENT","Deferred"
"1669",2023-08-05,"5",1.62981441787126,"ENT","Deferred"
"1670",2023-08-06,"5",1.60738221534023,"ENT","Deferred"
"1671",2023-08-07,"5",1.66067242077276,"ENT","Deferred"
"1672",2023-08-08,"5",1.64925100304673,"ENT","Deferred"
"1673",2023-08-09,"5",1.72991080061312,"ENT","Deferred"
"1674",2023-08-10,"5",1.47644386506133,"ENT","Deferred"
"1675",2023-08-11,"5",1.33499460300394,"ENT","Deferred"
"1676",2023-08-12,"5",1.37658776728205,"ENT","Deferred"
"1677",2023-08-13,"5",1.45071956678063,"ENT","Deferred"
"1678",2023-08-14,"5",1.5644379679514,"ENT","Deferred"
"1679",2023-08-15,"5",1.83456345560851,"ENT","Deferred"
"1680",2023-08-16,"5",1.56091393673995,"ENT","Deferred"
"1681",2023-08-17,"5",1.47821213326542,"ENT","Deferred"
"1682",2023-08-18,"5",1.65527019796964,"ENT","Deferred"
"1683",2023-08-19,"5",1.59710631063375,"ENT","Deferred"
"1684",2023-08-20,"5",1.76074876266028,"ENT","Deferred"
"1685",2023-08-21,"5",1.82447756613437,"ENT","Deferred"
"1686",2023-08-22,"5",1.96156333451131,"ENT","Deferred"
"1687",2023-08-23,"5",1.84443912596143,"ENT","Deferred"
"1688",2023-08-24,"5",1.85232611982555,"ENT","Deferred"
"1689",2023-08-25,"5",1.70305052938118,"ENT","Deferred"
"1690",2023-08-26,"5",1.68428216434248,"ENT","Deferred"
"1691",2023-08-27,"5",1.64098631486618,"ENT","Deferred"
"1692",2023-08-28,"5",1.5921257993968,"ENT","Deferred"
"1693",2023-08-29,"5",1.76866570238427,"ENT","Deferred"
"1694",2023-08-30,"5",1.86171694891535,"ENT","Deferred"
"1695",2023-08-31,"5",2.03751898594381,"ENT","Deferred"
"1696",2023-09-01,"5",2.14407593706952,"ENT","Deferred"
"1697",2023-09-02,"5",1.95342511034018,"ENT","Deferred"
"1698",2023-09-03,"5",1.86012439827728,"ENT","Deferred"
"1699",2023-09-04,"5",1.96360390014597,"ENT","Deferred"
"1700",2023-09-05,"5",1.90495019531296,"ENT","Deferred"
"1701",2023-09-06,"5",1.90416952614739,"ENT","Deferred"
"1702",2023-09-07,"5",1.86744069995954,"ENT","Deferred"
"1703",2023-09-08,"5",1.50353910792814,"ENT","Deferred"
"1704",2023-09-09,"5",1.52314903824134,"ENT","Deferred"
"1705",2023-09-10,"5",1.79048563641406,"ENT","Deferred"
"1706",2023-09-11,"5",1.72656443256739,"ENT","Deferred"
"1707",2023-09-12,"5",1.81795961190614,"ENT","Deferred"
"1708",2023-09-13,"5",1.8639107720033,"ENT","Deferred"
"1709",2023-09-14,"5",1.79252463239745,"ENT","Deferred"
"1710",2023-09-15,"5",1.6524290611646,"ENT","Deferred"
"1711",2023-09-16,"5",1.76800530043944,"ENT","Deferred"
"1712",2023-09-17,"5",1.61726739372437,"ENT","Deferred"
"1713",2023-09-18,"5",1.6592669134758,"ENT","Deferred"
"1714",2023-09-19,"5",1.85172218050041,"ENT","Deferred"
"1715",2023-09-20,"5",1.85189232082006,"ENT","Deferred"
"1716",2023-09-21,"5",1.85932724363598,"ENT","Deferred"
"1717",2023-09-22,"5",1.84453123781985,"ENT","Deferred"
"1718",2023-09-23,"5",1.79423648943088,"ENT","Deferred"
"1719",2023-09-24,"5",1.89160311705322,"ENT","Deferred"
"1720",2023-09-25,"5",1.89117239094232,"ENT","Deferred"
"1721",2023-09-26,"5",1.79569406263564,"ENT","Deferred"
"1722",2023-09-27,"5",1.83670236208599,"ENT","Deferred"
"1723",2023-09-28,"5",1.92753701109944,"ENT","Deferred"
"1724",2023-09-29,"5",1.69343911894063,"ENT","Deferred"
"1725",2023-09-30,"5",1.66554322856966,"ENT","Deferred"
"1726",2023-10-01,"5",1.76158901200415,"ENT","Deferred"
"1727",2023-10-02,"5",1.86167591878955,"ENT","Deferred"
"1728",2023-10-03,"5",2.02237522155405,"ENT","Deferred"
"1729",2023-10-04,"5",1.68037493187016,"ENT","Deferred"
"1730",2023-10-05,"5",1.68243542393636,"ENT","Deferred"
"1731",2023-10-06,"5",1.71854148983687,"ENT","Deferred"
"1732",2023-10-07,"5",1.85689412149278,"ENT","Deferred"
"1733",2023-10-08,"5",1.86574803314082,"ENT","Deferred"
"1734",2023-10-09,"5",1.8468436973719,"ENT","Deferred"
"1735",2023-10-10,"5",1.8476380919287,"ENT","Deferred"
"1736",2023-10-11,"5",1.85500242961933,"ENT","Deferred"
"1737",2023-10-12,"5",1.78546419685695,"ENT","Deferred"
"1738",2023-10-13,"5",1.70639130650503,"ENT","Deferred"
"1739",2023-10-14,"5",1.5207079843524,"ENT","Deferred"
"1740",2023-10-15,"5",1.46095681631265,"ENT","Deferred"
"1741",2023-10-16,"5",1.51506568151917,"ENT","Deferred"
"1742",2023-10-17,"5",1.76497593825936,"ENT","Deferred"
"1743",2023-10-18,"5",1.70608823913024,"ENT","Deferred"
"1744",2023-10-19,"5",1.71312785143598,"ENT","Deferred"
"1745",2023-10-20,"5",1.7663145740127,"ENT","Deferred"
"1746",2023-10-21,"5",1.70895471220269,"ENT","Deferred"
"1747",2023-10-22,"5",1.83128484034775,"ENT","Deferred"
"1748",2023-10-23,"5",1.80835943686444,"ENT","Deferred"
"1749",2023-10-24,"5",1.83071714064523,"ENT","Deferred"
"1750",2023-10-25,"5",1.86270385309577,"ENT","Deferred"
"1751",2023-10-26,"5",1.74071251529832,"ENT","Deferred"
"1752",2023-10-27,"5",1.85294052833139,"ENT","Deferred"
"1753",2023-10-28,"5",1.70126887060501,"ENT","Deferred"
"1754",2023-10-29,"5",1.7516633313824,"ENT","Deferred"
"1755",2023-10-30,"5",2.15004644367938,"ENT","Deferred"
"1756",2023-10-31,"5",2.36196856952932,"ENT","Deferred"
"1757",2023-11-01,"5",2.4561932110004,"ENT","Deferred"
"1758",2023-11-02,"5",2.56381003539084,"ENT","Deferred"
"1759",2023-11-03,"5",2.37314954023965,"ENT","Deferred"
"1760",2023-11-04,"5",2.43198033147793,"ENT","Deferred"
"1761",2023-11-05,"5",2.28307668977466,"ENT","Deferred"
"1762",2023-11-06,"5",2.22217736732815,"ENT","Deferred"
"1763",2023-11-07,"5",2.30659915768967,"ENT","Deferred"
"1764",2023-11-08,"5",2.27053557555142,"ENT","Deferred"
"1765",2023-11-09,"5",2.24339073969759,"ENT","Deferred"
"1766",2023-11-10,"5",2.25921993798651,"ENT","Deferred"
"1767",2023-11-11,"5",2.33567778753067,"ENT","Deferred"
"1768",2023-11-12,"5",2.11643518885859,"ENT","Deferred"
"1769",2023-11-13,"5",2.07665822843383,"ENT","Deferred"
"1770",2023-11-14,"5",2.07053347980152,"ENT","Deferred"
"1771",2023-11-15,"5",1.94535677705861,"ENT","Deferred"
"1772",2023-11-16,"5",1.77967139620373,"ENT","Deferred"
"1773",2023-11-17,"5",1.68804857945373,"ENT","Deferred"
"1774",2023-11-18,"5",1.77596340549718,"ENT","Deferred"
"1775",2023-11-19,"5",1.93395670465681,"ENT","Deferred"
"1776",2023-11-20,"5",1.97225531587152,"ENT","Deferred"
"1777",2023-11-21,"5",1.8644170048782,"ENT","Deferred"
"1778",2023-11-22,"5",1.71490934853508,"ENT","Deferred"
"1779",2023-11-23,"5",1.78602048782291,"ENT","Deferred"
"1780",2023-11-24,"5",1.78139626131344,"ENT","Deferred"
"1781",2023-11-25,"5",1.68186861229956,"ENT","Deferred"
"1782",2023-11-26,"5",1.75345559965759,"ENT","Deferred"
"1783",2023-11-27,"5",1.7667864724543,"ENT","Deferred"
"1784",2023-11-28,"5",1.67729223939503,"ENT","Deferred"
"1785",2023-11-29,"5",1.64807654306493,"ENT","Deferred"
"1786",2023-11-30,"5",1.67321226489539,"ENT","Deferred"
"1787",2023-12-01,"5",1.77134616019642,"ENT","Deferred"
"1788",2023-12-02,"5",1.78569435632931,"ENT","Deferred"
"1789",2023-12-03,"5",1.74296485179528,"ENT","Deferred"
"1790",2023-12-04,"5",1.74702548409485,"ENT","Deferred"
"1791",2023-12-05,"5",1.72884533104305,"ENT","Deferred"
"1792",2023-12-06,"5",1.68106124986662,"ENT","Deferred"
"1793",2023-12-07,"5",1.65150271475305,"ENT","Deferred"
"1794",2023-12-08,"5",1.87038515596582,"ENT","Deferred"
"1795",2023-12-09,"5",1.79362579904289,"ENT","Deferred"
"1796",2023-12-10,"5",1.79109676382793,"ENT","Deferred"
"1797",2023-12-11,"5",1.86387218598123,"ENT","Deferred"
"1798",2023-12-12,"5",1.77988945463592,"ENT","Deferred"
"1799",2023-12-13,"5",1.77474151498935,"ENT","Deferred"
"1800",2023-12-14,"5",1.64948287254438,"ENT","Deferred"
"1801",2023-12-15,"5",1.81673552933644,"ENT","Deferred"
"1802",2023-12-16,"5",1.73934167323276,"ENT","Deferred"
"1803",2023-12-17,"5",1.70570575821743,"ENT","Deferred"
"1804",2023-12-18,"5",1.71713523011449,"ENT","Deferred"
"1805",2023-12-19,"5",1.82611455850986,"ENT","Deferred"
"1806",2023-12-20,"5",1.75081960970828,"ENT","Deferred"
"1807",2023-12-21,"5",1.69944166719791,"ENT","Deferred"
"1808",2023-12-22,"5",1.73025024162374,"ENT","Deferred"
"1809",2023-12-23,"5",1.89298368046521,"ENT","Deferred"
"1810",2023-12-24,"5",1.70414544722006,"ENT","Deferred"
"1811",2023-12-25,"5",1.84824830947383,"ENT","Deferred"
"1812",2023-12-26,"5",1.82376857476055,"ENT","Deferred"
"1813",2023-12-27,"5",1.84767700242413,"ENT","Deferred"
"1814",2023-12-28,"5",1.85462606137695,"ENT","Deferred"
"1815",2023-12-29,"5",1.9358527091739,"ENT","Deferred"
"1816",2023-12-30,"5",1.9212597703023,"ENT","Deferred"
"1817",2023-12-31,"5",1.95101848563693,"ENT","Deferred"
"1818",2024-01-01,"5",1.93179970402481,"ENT","Deferred"
"1819",2024-01-02,"5",1.85259316150045,"ENT","Deferred"
"1820",2024-01-03,"5",1.72578714638634,"ENT","Deferred"
"1821",2024-01-04,"5",1.53258981127024,"ENT","Deferred"
"1822",2024-01-05,"5",1.39545980024517,"ENT","Deferred"
"1823",2024-01-06,"5",1.330676878893,"ENT","Deferred"
"1824",2024-01-07,"5",1.3453375490924,"ENT","Deferred"
"1825",2024-01-08,"5",1.39746100688968,"ENT","Deferred"
