"","date",".rep",".sim","speciality"
"1",2022-12-14,"1",69.1005623605265,"ENT"
"2",2022-12-15,"1",68.9361991900472,"ENT"
"3",2022-12-16,"1",69.4041833675543,"ENT"
"4",2022-12-17,"1",69.6453073553393,"ENT"
"5",2022-12-18,"1",68.7648379907102,"ENT"
"6",2022-12-19,"1",68.3612754733334,"ENT"
"7",2022-12-20,"1",68.8530462137476,"ENT"
"8",2022-12-21,"1",68.053832496389,"ENT"
"9",2022-12-22,"1",67.4092346732476,"ENT"
"10",2022-12-23,"1",67.755807539599,"ENT"
"11",2022-12-24,"1",68.0638191436675,"ENT"
"12",2022-12-25,"1",68.6725875482839,"ENT"
"13",2022-12-26,"1",68.867084638307,"ENT"
"14",2022-12-27,"1",67.4923989310995,"ENT"
"15",2022-12-28,"1",67.3763315643867,"ENT"
"16",2022-12-29,"1",66.1095722276224,"ENT"
"17",2022-12-30,"1",65.6950596645507,"ENT"
"18",2022-12-31,"1",66.4044453501376,"ENT"
"19",2023-01-01,"1",68.2272634033439,"ENT"
"20",2023-01-02,"1",69.9487113872436,"ENT"
"21",2023-01-03,"1",68.565907989372,"ENT"
"22",2023-01-04,"1",67.7667433388632,"ENT"
"23",2023-01-05,"1",66.1916896852578,"ENT"
"24",2023-01-06,"1",65.0513780035808,"ENT"
"25",2023-01-07,"1",64.8262094152797,"ENT"
"26",2023-01-08,"1",64.4239617235181,"ENT"
"27",2023-01-09,"1",64.7640385282203,"ENT"
"28",2023-01-10,"1",65.6450709041227,"ENT"
"29",2023-01-11,"1",64.6175506266567,"ENT"
"30",2023-01-12,"1",63.8758624065861,"ENT"
"31",2023-01-13,"1",62.6827754071264,"ENT"
"32",2023-01-14,"1",65.0399133785146,"ENT"
"33",2023-01-15,"1",64.1273556033641,"ENT"
"34",2023-01-16,"1",63.6422428555048,"ENT"
"35",2023-01-17,"1",64.4504369541405,"ENT"
"36",2023-01-18,"1",64.5454389435327,"ENT"
"37",2023-01-19,"1",63.8485356647217,"ENT"
"38",2023-01-20,"1",64.8924973320601,"ENT"
"39",2023-01-21,"1",65.2315898518275,"ENT"
"40",2023-01-22,"1",64.9146600799621,"ENT"
"41",2023-01-23,"1",62.9843845139704,"ENT"
"42",2023-01-24,"1",64.7032230323407,"ENT"
"43",2023-01-25,"1",64.7255558883867,"ENT"
"44",2023-01-26,"1",63.997327096701,"ENT"
"45",2023-01-27,"1",62.7736151537275,"ENT"
"46",2023-01-28,"1",62.5924835563526,"ENT"
"47",2023-01-29,"1",63.216388580676,"ENT"
"48",2023-01-30,"1",62.7611827196524,"ENT"
"49",2023-01-31,"1",62.6906649628045,"ENT"
"50",2023-02-01,"1",62.7344284204275,"ENT"
"51",2023-02-02,"1",62.8834753374908,"ENT"
"52",2023-02-03,"1",62.5209355503504,"ENT"
"53",2023-02-04,"1",62.5708077140556,"ENT"
"54",2023-02-05,"1",62.632775468776,"ENT"
"55",2023-02-06,"1",62.5025179899042,"ENT"
"56",2023-02-07,"1",62.9922168654769,"ENT"
"57",2023-02-08,"1",62.6764671641111,"ENT"
"58",2023-02-09,"1",62.8899846881093,"ENT"
"59",2023-02-10,"1",63.3348984491124,"ENT"
"60",2023-02-11,"1",63.5901595785937,"ENT"
"61",2023-02-12,"1",63.1579269910271,"ENT"
"62",2023-02-13,"1",63.3984032804126,"ENT"
"63",2023-02-14,"1",64.0424466217336,"ENT"
"64",2023-02-15,"1",63.9557029840173,"ENT"
"65",2023-02-16,"1",63.0697014936688,"ENT"
"66",2023-02-17,"1",63.6085657169788,"ENT"
"67",2023-02-18,"1",62.9908351972724,"ENT"
"68",2023-02-19,"1",63.1093742205206,"ENT"
"69",2023-02-20,"1",63.9967753995212,"ENT"
"70",2023-02-21,"1",64.4978091395937,"ENT"
"71",2023-02-22,"1",65.0706450647123,"ENT"
"72",2023-02-23,"1",64.7037581871215,"ENT"
"73",2023-02-24,"1",64.8796493828772,"ENT"
"74",2023-02-25,"1",65.6292139803478,"ENT"
"75",2023-02-26,"1",64.3383132938561,"ENT"
"76",2023-02-27,"1",65.2065143782193,"ENT"
"77",2023-02-28,"1",65.2275081407459,"ENT"
"78",2023-03-01,"1",64.644565985495,"ENT"
"79",2023-03-02,"1",64.879963160024,"ENT"
"80",2023-03-03,"1",65.4836120463199,"ENT"
"81",2023-03-04,"1",65.6159611269314,"ENT"
"82",2023-03-05,"1",65.4970946115754,"ENT"
"83",2023-03-06,"1",64.8667229413162,"ENT"
"84",2023-03-07,"1",64.8669801361515,"ENT"
"85",2023-03-08,"1",65.9360834055411,"ENT"
"86",2023-03-09,"1",66.6395108288007,"ENT"
"87",2023-03-10,"1",66.0756478765801,"ENT"
"88",2023-03-11,"1",65.7814582774726,"ENT"
"89",2023-03-12,"1",66.3302094524136,"ENT"
"90",2023-03-13,"1",65.5741584827545,"ENT"
"91",2023-03-14,"1",67.2081352525111,"ENT"
"92",2023-03-15,"1",67.9391811230005,"ENT"
"93",2023-03-16,"1",67.7789197928729,"ENT"
"94",2023-03-17,"1",68.8987354395872,"ENT"
"95",2023-03-18,"1",69.1346040206392,"ENT"
"96",2023-03-19,"1",68.860827447759,"ENT"
"97",2023-03-20,"1",69.0397473279123,"ENT"
"98",2023-03-21,"1",69.1758110596634,"ENT"
"99",2023-03-22,"1",67.6414476106473,"ENT"
"100",2023-03-23,"1",67.4745706501535,"ENT"
"101",2023-03-24,"1",68.2862522704774,"ENT"
"102",2023-03-25,"1",67.2181948095114,"ENT"
"103",2023-03-26,"1",66.7657958921284,"ENT"
"104",2023-03-27,"1",66.9613610010852,"ENT"
"105",2023-03-28,"1",66.7077779280721,"ENT"
"106",2023-03-29,"1",66.1962505650193,"ENT"
"107",2023-03-30,"1",66.3483102318215,"ENT"
"108",2023-03-31,"1",67.5186400756706,"ENT"
"109",2023-04-01,"1",67.1123681222453,"ENT"
"110",2023-04-02,"1",66.2929592011944,"ENT"
"111",2023-04-03,"1",66.8548380308734,"ENT"
"112",2023-04-04,"1",67.5905539987368,"ENT"
"113",2023-04-05,"1",66.6551630925526,"ENT"
"114",2023-04-06,"1",64.7294544251389,"ENT"
"115",2023-04-07,"1",65.239072546095,"ENT"
"116",2023-04-08,"1",65.5829330507843,"ENT"
"117",2023-04-09,"1",65.9961789290728,"ENT"
"118",2023-04-10,"1",65.7341439579809,"ENT"
"119",2023-04-11,"1",65.4445116519377,"ENT"
"120",2023-04-12,"1",66.2638011167133,"ENT"
"121",2023-04-13,"1",65.6380851347277,"ENT"
"122",2023-04-14,"1",66.6220394104557,"ENT"
"123",2023-04-15,"1",66.418376370533,"ENT"
"124",2023-04-16,"1",66.4949117450536,"ENT"
"125",2023-04-17,"1",67.090826051119,"ENT"
"126",2023-04-18,"1",65.8146219026407,"ENT"
"127",2023-04-19,"1",64.7544559032676,"ENT"
"128",2023-04-20,"1",64.1376713333533,"ENT"
"129",2023-04-21,"1",63.3601073447016,"ENT"
"130",2023-04-22,"1",62.577570931165,"ENT"
"131",2023-04-23,"1",62.3161063444402,"ENT"
"132",2023-04-24,"1",62.3630211561677,"ENT"
"133",2023-04-25,"1",62.9450750198885,"ENT"
"134",2023-04-26,"1",62.2159692223146,"ENT"
"135",2023-04-27,"1",61.8242434563723,"ENT"
"136",2023-04-28,"1",61.9771017517632,"ENT"
"137",2023-04-29,"1",62.6417078199791,"ENT"
"138",2023-04-30,"1",63.6768755685894,"ENT"
"139",2023-05-01,"1",62.8841959157708,"ENT"
"140",2023-05-02,"1",63.2328952601299,"ENT"
"141",2023-05-03,"1",64.4509291524043,"ENT"
"142",2023-05-04,"1",62.6887780493086,"ENT"
"143",2023-05-05,"1",63.198912873354,"ENT"
"144",2023-05-06,"1",64.1718196577803,"ENT"
"145",2023-05-07,"1",63.7182294704757,"ENT"
"146",2023-05-08,"1",64.3862491084552,"ENT"
"147",2023-05-09,"1",65.0094179161923,"ENT"
"148",2023-05-10,"1",64.7908651785198,"ENT"
"149",2023-05-11,"1",64.275852872109,"ENT"
"150",2023-05-12,"1",65.2276822072027,"ENT"
"151",2023-05-13,"1",65.964831650875,"ENT"
"152",2023-05-14,"1",66.2125535698068,"ENT"
"153",2023-05-15,"1",66.2595997754013,"ENT"
"154",2023-05-16,"1",66.9488104761897,"ENT"
"155",2023-05-17,"1",66.7036386324375,"ENT"
"156",2023-05-18,"1",66.6679514064716,"ENT"
"157",2023-05-19,"1",66.8172488780465,"ENT"
"158",2023-05-20,"1",67.8630930800073,"ENT"
"159",2023-05-21,"1",69.6169103091111,"ENT"
"160",2023-05-22,"1",68.9081953467931,"ENT"
"161",2023-05-23,"1",70.0169548303688,"ENT"
"162",2023-05-24,"1",70.0444001189991,"ENT"
"163",2023-05-25,"1",68.3415687691631,"ENT"
"164",2023-05-26,"1",68.7223912205219,"ENT"
"165",2023-05-27,"1",69.6430721435521,"ENT"
"166",2023-05-28,"1",69.166881310978,"ENT"
"167",2023-05-29,"1",69.4103651211798,"ENT"
"168",2023-05-30,"1",70.0274952740587,"ENT"
"169",2023-05-31,"1",70.4605174573181,"ENT"
"170",2023-06-01,"1",69.3576325598345,"ENT"
"171",2023-06-02,"1",69.5258829810582,"ENT"
"172",2023-06-03,"1",71.6008973589048,"ENT"
"173",2023-06-04,"1",71.0191982511569,"ENT"
"174",2023-06-05,"1",72.1051912512974,"ENT"
"175",2023-06-06,"1",72.9664060762621,"ENT"
"176",2023-06-07,"1",72.5709986428189,"ENT"
"177",2023-06-08,"1",71.6799029551014,"ENT"
"178",2023-06-09,"1",72.3414338916593,"ENT"
"179",2023-06-10,"1",72.229256472481,"ENT"
"180",2023-06-11,"1",72.7049445383648,"ENT"
"181",2023-06-12,"1",70.8922353521391,"ENT"
"182",2023-06-13,"1",72.2682457795383,"ENT"
"183",2023-06-14,"1",71.2466204451086,"ENT"
"184",2023-06-15,"1",70.2168371150037,"ENT"
"185",2023-06-16,"1",69.9883852913757,"ENT"
"186",2023-06-17,"1",71.1654631631448,"ENT"
"187",2023-06-18,"1",70.2476086032679,"ENT"
"188",2023-06-19,"1",69.5624778266303,"ENT"
"189",2023-06-20,"1",70.1235539976478,"ENT"
"190",2023-06-21,"1",68.5536661661232,"ENT"
"191",2023-06-22,"1",69.0592665540097,"ENT"
"192",2023-06-23,"1",68.9555711463919,"ENT"
"193",2023-06-24,"1",69.6403225443197,"ENT"
"194",2023-06-25,"1",70.4482152327628,"ENT"
"195",2023-06-26,"1",71.0342341534892,"ENT"
"196",2023-06-27,"1",72.3067519140863,"ENT"
"197",2023-06-28,"1",70.8514367981546,"ENT"
"198",2023-06-29,"1",71.7311072426676,"ENT"
"199",2023-06-30,"1",72.6533711855166,"ENT"
"200",2023-07-01,"1",73.1147860919497,"ENT"
"201",2023-07-02,"1",74.359768994959,"ENT"
"202",2023-07-03,"1",75.568326295762,"ENT"
"203",2023-07-04,"1",74.1189862523987,"ENT"
"204",2023-07-05,"1",71.7687840128397,"ENT"
"205",2023-07-06,"1",71.3556091791058,"ENT"
"206",2023-07-07,"1",72.4228411556332,"ENT"
"207",2023-07-08,"1",73.3026576645821,"ENT"
"208",2023-07-09,"1",74.8921523347317,"ENT"
"209",2023-07-10,"1",72.8753198663505,"ENT"
"210",2023-07-11,"1",73.3841772799693,"ENT"
"211",2023-07-12,"1",73.8326629285544,"ENT"
"212",2023-07-13,"1",74.5177358844751,"ENT"
"213",2023-07-14,"1",74.9814537415495,"ENT"
"214",2023-07-15,"1",74.9159615729969,"ENT"
"215",2023-07-16,"1",75.2174410844392,"ENT"
"216",2023-07-17,"1",75.1537104510288,"ENT"
"217",2023-07-18,"1",75.5426961482715,"ENT"
"218",2023-07-19,"1",75.6010911639596,"ENT"
"219",2023-07-20,"1",73.3460059263527,"ENT"
"220",2023-07-21,"1",74.2420550456842,"ENT"
"221",2023-07-22,"1",74.4030375583746,"ENT"
"222",2023-07-23,"1",74.1299794254938,"ENT"
"223",2023-07-24,"1",75.1453894805938,"ENT"
"224",2023-07-25,"1",75.4306075722685,"ENT"
"225",2023-07-26,"1",74.8422187936453,"ENT"
"226",2023-07-27,"1",74.0047566223651,"ENT"
"227",2023-07-28,"1",76.550944864292,"ENT"
"228",2023-07-29,"1",76.1527341295318,"ENT"
"229",2023-07-30,"1",77.7760852170157,"ENT"
"230",2023-07-31,"1",76.7763346436428,"ENT"
"231",2023-08-01,"1",77.1658122174596,"ENT"
"232",2023-08-02,"1",77.2877686528843,"ENT"
"233",2023-08-03,"1",76.0669561335596,"ENT"
"234",2023-08-04,"1",77.2009628309013,"ENT"
"235",2023-08-05,"1",75.9164886994303,"ENT"
"236",2023-08-06,"1",76.5095937836163,"ENT"
"237",2023-08-07,"1",77.2181030623743,"ENT"
"238",2023-08-08,"1",79.3087958676237,"ENT"
"239",2023-08-09,"1",77.575988028937,"ENT"
"240",2023-08-10,"1",77.7163252003593,"ENT"
"241",2023-08-11,"1",77.7380672661645,"ENT"
"242",2023-08-12,"1",78.7009492554539,"ENT"
"243",2023-08-13,"1",78.1726956538726,"ENT"
"244",2023-08-14,"1",79.1688969059711,"ENT"
"245",2023-08-15,"1",79.978308888835,"ENT"
"246",2023-08-16,"1",79.2147960168115,"ENT"
"247",2023-08-17,"1",79.2732856633614,"ENT"
"248",2023-08-18,"1",80.4239081516053,"ENT"
"249",2023-08-19,"1",80.5385342175876,"ENT"
"250",2023-08-20,"1",79.6370191839798,"ENT"
"251",2023-08-21,"1",79.4058417520765,"ENT"
"252",2023-08-22,"1",80.2143003656562,"ENT"
"253",2023-08-23,"1",78.7676064699224,"ENT"
"254",2023-08-24,"1",77.5632842120709,"ENT"
"255",2023-08-25,"1",77.5868642254858,"ENT"
"256",2023-08-26,"1",77.850822157969,"ENT"
"257",2023-08-27,"1",77.9124687413346,"ENT"
"258",2023-08-28,"1",77.6520001527232,"ENT"
"259",2023-08-29,"1",75.1539457433699,"ENT"
"260",2023-08-30,"1",73.6904576932641,"ENT"
"261",2023-08-31,"1",73.4190500451411,"ENT"
"262",2023-09-01,"1",73.6297174545433,"ENT"
"263",2023-09-02,"1",73.61850324055,"ENT"
"264",2023-09-03,"1",73.6964197073407,"ENT"
"265",2023-09-04,"1",75.3137126398584,"ENT"
"266",2023-09-05,"1",75.0268572001896,"ENT"
"267",2023-09-06,"1",75.4402595794594,"ENT"
"268",2023-09-07,"1",74.7581009323583,"ENT"
"269",2023-09-08,"1",74.5408741495907,"ENT"
"270",2023-09-09,"1",73.5362391659746,"ENT"
"271",2023-09-10,"1",74.6283408902485,"ENT"
"272",2023-09-11,"1",74.7823242720643,"ENT"
"273",2023-09-12,"1",74.1873129912589,"ENT"
"274",2023-09-13,"1",73.0732702580403,"ENT"
"275",2023-09-14,"1",71.9972806638771,"ENT"
"276",2023-09-15,"1",73.1652640277077,"ENT"
"277",2023-09-16,"1",73.6688437240334,"ENT"
"278",2023-09-17,"1",72.8940649829896,"ENT"
"279",2023-09-18,"1",71.9486342800253,"ENT"
"280",2023-09-19,"1",74.3461851896982,"ENT"
"281",2023-09-20,"1",74.9005153017402,"ENT"
"282",2023-09-21,"1",75.8242997948527,"ENT"
"283",2023-09-22,"1",75.1561907160578,"ENT"
"284",2023-09-23,"1",74.8798437995885,"ENT"
"285",2023-09-24,"1",75.5876326510723,"ENT"
"286",2023-09-25,"1",74.4224689944673,"ENT"
"287",2023-09-26,"1",73.951616641749,"ENT"
"288",2023-09-27,"1",73.1930482118355,"ENT"
"289",2023-09-28,"1",72.4204207568186,"ENT"
"290",2023-09-29,"1",72.8724087792076,"ENT"
"291",2023-09-30,"1",71.9829802796184,"ENT"
"292",2023-10-01,"1",72.1278828594242,"ENT"
"293",2023-10-02,"1",71.7686088895191,"ENT"
"294",2023-10-03,"1",72.0946050315063,"ENT"
"295",2023-10-04,"1",73.0177826278393,"ENT"
"296",2023-10-05,"1",73.3465589275954,"ENT"
"297",2023-10-06,"1",73.5903792163657,"ENT"
"298",2023-10-07,"1",73.0649907935874,"ENT"
"299",2023-10-08,"1",73.1115893152459,"ENT"
"300",2023-10-09,"1",74.6864278099754,"ENT"
"301",2023-10-10,"1",75.355524483421,"ENT"
"302",2023-10-11,"1",73.8532249389589,"ENT"
"303",2023-10-12,"1",72.8176249235321,"ENT"
"304",2023-10-13,"1",73.6768680115717,"ENT"
"305",2023-10-14,"1",73.8626958936239,"ENT"
"306",2023-10-15,"1",75.1079796543699,"ENT"
"307",2023-10-16,"1",74.9077871327026,"ENT"
"308",2023-10-17,"1",74.0727938692722,"ENT"
"309",2023-10-18,"1",72.7858999394842,"ENT"
"310",2023-10-19,"1",74.1696447010146,"ENT"
"311",2023-10-20,"1",74.5720950555024,"ENT"
"312",2023-10-21,"1",74.5022917262878,"ENT"
"313",2023-10-22,"1",76.224483453646,"ENT"
"314",2023-10-23,"1",77.8952266506118,"ENT"
"315",2023-10-24,"1",78.1430805796406,"ENT"
"316",2023-10-25,"1",78.1396583075651,"ENT"
"317",2023-10-26,"1",76.4862566787633,"ENT"
"318",2023-10-27,"1",76.6932914896487,"ENT"
"319",2023-10-28,"1",77.8124193204342,"ENT"
"320",2023-10-29,"1",78.457711719596,"ENT"
"321",2023-10-30,"1",79.1526288301188,"ENT"
"322",2023-10-31,"1",79.1213274782591,"ENT"
"323",2023-11-01,"1",78.0471042767718,"ENT"
"324",2023-11-02,"1",76.6105016135199,"ENT"
"325",2023-11-03,"1",75.5725411991254,"ENT"
"326",2023-11-04,"1",75.2665504385138,"ENT"
"327",2023-11-05,"1",76.3247988439707,"ENT"
"328",2023-11-06,"1",76.8865955614167,"ENT"
"329",2023-11-07,"1",78.6957876128376,"ENT"
"330",2023-11-08,"1",78.1646557716534,"ENT"
"331",2023-11-09,"1",79.6621984288635,"ENT"
"332",2023-11-10,"1",80.1825697194915,"ENT"
"333",2023-11-11,"1",79.4649623859143,"ENT"
"334",2023-11-12,"1",80.1989967111435,"ENT"
"335",2023-11-13,"1",80.4165008345208,"ENT"
"336",2023-11-14,"1",82.6750292966832,"ENT"
"337",2023-11-15,"1",84.2538040498591,"ENT"
"338",2023-11-16,"1",84.1390956384535,"ENT"
"339",2023-11-17,"1",85.4189264220402,"ENT"
"340",2023-11-18,"1",86.6258477688017,"ENT"
"341",2023-11-19,"1",87.9623440378961,"ENT"
"342",2023-11-20,"1",87.6957973925596,"ENT"
"343",2023-11-21,"1",89.4471682961361,"ENT"
"344",2023-11-22,"1",89.2323630164664,"ENT"
"345",2023-11-23,"1",88.4425673693917,"ENT"
"346",2023-11-24,"1",87.9235792079652,"ENT"
"347",2023-11-25,"1",88.6274454018896,"ENT"
"348",2023-11-26,"1",89.3837964965875,"ENT"
"349",2023-11-27,"1",88.351430212539,"ENT"
"350",2023-11-28,"1",87.7058620674344,"ENT"
"351",2023-11-29,"1",86.9040330987795,"ENT"
"352",2023-11-30,"1",85.7589357878537,"ENT"
"353",2023-12-01,"1",85.5453927244369,"ENT"
"354",2023-12-02,"1",87.340482232733,"ENT"
"355",2023-12-03,"1",88.4601725819128,"ENT"
"356",2023-12-04,"1",87.6795871222786,"ENT"
"357",2023-12-05,"1",88.676335238905,"ENT"
"358",2023-12-06,"1",88.3712290129679,"ENT"
"359",2023-12-07,"1",87.3859552309501,"ENT"
"360",2023-12-08,"1",86.6538307853273,"ENT"
"361",2023-12-09,"1",87.9472402577783,"ENT"
"362",2023-12-10,"1",87.7318774177692,"ENT"
"363",2023-12-11,"1",89.0511107419042,"ENT"
"364",2023-12-12,"1",88.2066927233406,"ENT"
"365",2023-12-13,"1",88.393663835428,"ENT"
"366",2022-12-14,"2",68.9235196129824,"ENT"
"367",2022-12-15,"2",68.7783078779402,"ENT"
"368",2022-12-16,"2",68.726675474105,"ENT"
"369",2022-12-17,"2",69.0967974895938,"ENT"
"370",2022-12-18,"2",68.0288458621068,"ENT"
"371",2022-12-19,"2",68.8687160865335,"ENT"
"372",2022-12-20,"2",68.4245775986387,"ENT"
"373",2022-12-21,"2",67.6533755425102,"ENT"
"374",2022-12-22,"2",65.425537158581,"ENT"
"375",2022-12-23,"2",64.8266389428006,"ENT"
"376",2022-12-24,"2",66.0805725912835,"ENT"
"377",2022-12-25,"2",65.8997645563597,"ENT"
"378",2022-12-26,"2",65.0226058654995,"ENT"
"379",2022-12-27,"2",65.0878623734408,"ENT"
"380",2022-12-28,"2",64.7515252956651,"ENT"
"381",2022-12-29,"2",64.7479663348726,"ENT"
"382",2022-12-30,"2",65.8903042180786,"ENT"
"383",2022-12-31,"2",66.1828739320416,"ENT"
"384",2023-01-01,"2",66.0776531545635,"ENT"
"385",2023-01-02,"2",66.6224507006236,"ENT"
"386",2023-01-03,"2",67.9980813305601,"ENT"
"387",2023-01-04,"2",68.2243411890111,"ENT"
"388",2023-01-05,"2",67.7652608363245,"ENT"
"389",2023-01-06,"2",68.6884231302692,"ENT"
"390",2023-01-07,"2",67.7503232634391,"ENT"
"391",2023-01-08,"2",68.0816051717101,"ENT"
"392",2023-01-09,"2",68.9774175779857,"ENT"
"393",2023-01-10,"2",68.7088971642175,"ENT"
"394",2023-01-11,"2",68.8456966218196,"ENT"
"395",2023-01-12,"2",66.2868455840396,"ENT"
"396",2023-01-13,"2",67.0961054308467,"ENT"
"397",2023-01-14,"2",66.2366168410367,"ENT"
"398",2023-01-15,"2",67.41454044482,"ENT"
"399",2023-01-16,"2",66.6998411361898,"ENT"
"400",2023-01-17,"2",66.0612096073598,"ENT"
"401",2023-01-18,"2",65.1770748916045,"ENT"
"402",2023-01-19,"2",66.0575542689716,"ENT"
"403",2023-01-20,"2",66.3000820632937,"ENT"
"404",2023-01-21,"2",65.378373144522,"ENT"
"405",2023-01-22,"2",66.7926115376542,"ENT"
"406",2023-01-23,"2",66.3008210849163,"ENT"
"407",2023-01-24,"2",65.6211003601372,"ENT"
"408",2023-01-25,"2",66.0740926657428,"ENT"
"409",2023-01-26,"2",64.8367162941899,"ENT"
"410",2023-01-27,"2",65.8529996931301,"ENT"
"411",2023-01-28,"2",66.421376509174,"ENT"
"412",2023-01-29,"2",66.7209445319946,"ENT"
"413",2023-01-30,"2",67.7133233142124,"ENT"
"414",2023-01-31,"2",66.2982209032571,"ENT"
"415",2023-02-01,"2",63.8846121931596,"ENT"
"416",2023-02-02,"2",63.6417767878671,"ENT"
"417",2023-02-03,"2",64.3511647573499,"ENT"
"418",2023-02-04,"2",65.1092537229399,"ENT"
"419",2023-02-05,"2",64.5425545183189,"ENT"
"420",2023-02-06,"2",65.0035130447579,"ENT"
"421",2023-02-07,"2",66.1294739528199,"ENT"
"422",2023-02-08,"2",65.1609106867417,"ENT"
"423",2023-02-09,"2",64.9686596238652,"ENT"
"424",2023-02-10,"2",65.8438325677405,"ENT"
"425",2023-02-11,"2",66.717583349817,"ENT"
"426",2023-02-12,"2",66.2377942847069,"ENT"
"427",2023-02-13,"2",67.3891810792758,"ENT"
"428",2023-02-14,"2",67.553228741508,"ENT"
"429",2023-02-15,"2",67.6796471770246,"ENT"
"430",2023-02-16,"2",65.967475341554,"ENT"
"431",2023-02-17,"2",66.3978641106016,"ENT"
"432",2023-02-18,"2",66.3563845212489,"ENT"
"433",2023-02-19,"2",66.1439686713333,"ENT"
"434",2023-02-20,"2",67.3280054754091,"ENT"
"435",2023-02-21,"2",67.8965668004199,"ENT"
"436",2023-02-22,"2",67.1843605487445,"ENT"
"437",2023-02-23,"2",66.7665846863198,"ENT"
"438",2023-02-24,"2",66.7990696976169,"ENT"
"439",2023-02-25,"2",66.8457069130203,"ENT"
"440",2023-02-26,"2",65.9752598412088,"ENT"
"441",2023-02-27,"2",66.2401982652673,"ENT"
"442",2023-02-28,"2",67.7544007364293,"ENT"
"443",2023-03-01,"2",67.0065471650377,"ENT"
"444",2023-03-02,"2",66.51372895961,"ENT"
"445",2023-03-03,"2",67.5615988951488,"ENT"
"446",2023-03-04,"2",68.7973711426679,"ENT"
"447",2023-03-05,"2",68.9431011940982,"ENT"
"448",2023-03-06,"2",68.9487065070095,"ENT"
"449",2023-03-07,"2",68.743482601769,"ENT"
"450",2023-03-08,"2",67.9541241890643,"ENT"
"451",2023-03-09,"2",67.5475389590517,"ENT"
"452",2023-03-10,"2",67.9282565862538,"ENT"
"453",2023-03-11,"2",67.7189737879822,"ENT"
"454",2023-03-12,"2",68.4849196229079,"ENT"
"455",2023-03-13,"2",68.9934936889409,"ENT"
"456",2023-03-14,"2",69.4702178808976,"ENT"
"457",2023-03-15,"2",67.720112395789,"ENT"
"458",2023-03-16,"2",68.1674458942064,"ENT"
"459",2023-03-17,"2",67.7912406078865,"ENT"
"460",2023-03-18,"2",68.5443134794697,"ENT"
"461",2023-03-19,"2",68.3280662111198,"ENT"
"462",2023-03-20,"2",68.1226026103174,"ENT"
"463",2023-03-21,"2",67.83629740887,"ENT"
"464",2023-03-22,"2",67.7580692315189,"ENT"
"465",2023-03-23,"2",66.4263318755458,"ENT"
"466",2023-03-24,"2",65.7835410276633,"ENT"
"467",2023-03-25,"2",66.6145176172409,"ENT"
"468",2023-03-26,"2",66.7503340596737,"ENT"
"469",2023-03-27,"2",65.847602218251,"ENT"
"470",2023-03-28,"2",64.587167908954,"ENT"
"471",2023-03-29,"2",63.2299617745119,"ENT"
"472",2023-03-30,"2",62.4282563951491,"ENT"
"473",2023-03-31,"2",62.4885251511796,"ENT"
"474",2023-04-01,"2",62.5773414084118,"ENT"
"475",2023-04-02,"2",63.2836231588656,"ENT"
"476",2023-04-03,"2",64.2819274975813,"ENT"
"477",2023-04-04,"2",65.6129634827382,"ENT"
"478",2023-04-05,"2",64.7468147372292,"ENT"
"479",2023-04-06,"2",63.5941208916056,"ENT"
"480",2023-04-07,"2",63.5897632201815,"ENT"
"481",2023-04-08,"2",63.5959932585246,"ENT"
"482",2023-04-09,"2",64.2313167366198,"ENT"
"483",2023-04-10,"2",63.3087242606726,"ENT"
"484",2023-04-11,"2",63.4342784540463,"ENT"
"485",2023-04-12,"2",63.1102584209098,"ENT"
"486",2023-04-13,"2",62.6199377309449,"ENT"
"487",2023-04-14,"2",62.9826077722438,"ENT"
"488",2023-04-15,"2",63.2389418792746,"ENT"
"489",2023-04-16,"2",62.8111529184995,"ENT"
"490",2023-04-17,"2",61.8379461358079,"ENT"
"491",2023-04-18,"2",63.5455591949301,"ENT"
"492",2023-04-19,"2",63.4140137152572,"ENT"
"493",2023-04-20,"2",63.0568478855339,"ENT"
"494",2023-04-21,"2",64.6045363353886,"ENT"
"495",2023-04-22,"2",65.4793087472515,"ENT"
"496",2023-04-23,"2",65.7932280332571,"ENT"
"497",2023-04-24,"2",65.1823835978979,"ENT"
"498",2023-04-25,"2",65.2174157952325,"ENT"
"499",2023-04-26,"2",65.1712266316193,"ENT"
"500",2023-04-27,"2",66.0745597135526,"ENT"
"501",2023-04-28,"2",65.9488887073823,"ENT"
"502",2023-04-29,"2",64.4788378543199,"ENT"
"503",2023-04-30,"2",64.093358177605,"ENT"
"504",2023-05-01,"2",64.3017256768895,"ENT"
"505",2023-05-02,"2",65.4513002509912,"ENT"
"506",2023-05-03,"2",65.4334818311456,"ENT"
"507",2023-05-04,"2",64.4478245940978,"ENT"
"508",2023-05-05,"2",64.7917464484232,"ENT"
"509",2023-05-06,"2",65.0907007909795,"ENT"
"510",2023-05-07,"2",65.2334420472459,"ENT"
"511",2023-05-08,"2",63.7678881084834,"ENT"
"512",2023-05-09,"2",63.8927727075176,"ENT"
"513",2023-05-10,"2",64.0906873602904,"ENT"
"514",2023-05-11,"2",63.7768113943083,"ENT"
"515",2023-05-12,"2",63.9610547289218,"ENT"
"516",2023-05-13,"2",65.5501652006614,"ENT"
"517",2023-05-14,"2",65.904219368157,"ENT"
"518",2023-05-15,"2",65.5889858388648,"ENT"
"519",2023-05-16,"2",65.6078154583151,"ENT"
"520",2023-05-17,"2",64.9840974350149,"ENT"
"521",2023-05-18,"2",64.75998073611,"ENT"
"522",2023-05-19,"2",65.3484982813681,"ENT"
"523",2023-05-20,"2",66.9778918554296,"ENT"
"524",2023-05-21,"2",66.8844362454861,"ENT"
"525",2023-05-22,"2",67.6107642806348,"ENT"
"526",2023-05-23,"2",66.5742945856922,"ENT"
"527",2023-05-24,"2",66.0160471801608,"ENT"
"528",2023-05-25,"2",65.0605707253575,"ENT"
"529",2023-05-26,"2",63.8474663686509,"ENT"
"530",2023-05-27,"2",64.0865327336527,"ENT"
"531",2023-05-28,"2",64.4413933795008,"ENT"
"532",2023-05-29,"2",63.3809564378874,"ENT"
"533",2023-05-30,"2",63.3619977926664,"ENT"
"534",2023-05-31,"2",61.0123632599861,"ENT"
"535",2023-06-01,"2",61.3260191391742,"ENT"
"536",2023-06-02,"2",62.1008536338705,"ENT"
"537",2023-06-03,"2",61.706485546236,"ENT"
"538",2023-06-04,"2",63.2856843871509,"ENT"
"539",2023-06-05,"2",64.0677039489214,"ENT"
"540",2023-06-06,"2",64.5329682871926,"ENT"
"541",2023-06-07,"2",62.9001170616691,"ENT"
"542",2023-06-08,"2",61.5885595765327,"ENT"
"543",2023-06-09,"2",62.0627811140763,"ENT"
"544",2023-06-10,"2",63.0633826239516,"ENT"
"545",2023-06-11,"2",61.8985993948869,"ENT"
"546",2023-06-12,"2",61.5206404266912,"ENT"
"547",2023-06-13,"2",62.4892489865785,"ENT"
"548",2023-06-14,"2",61.6160256222364,"ENT"
"549",2023-06-15,"2",62.0748105086203,"ENT"
"550",2023-06-16,"2",63.0345066339479,"ENT"
"551",2023-06-17,"2",61.9293110115167,"ENT"
"552",2023-06-18,"2",60.9459397734687,"ENT"
"553",2023-06-19,"2",60.6156205364765,"ENT"
"554",2023-06-20,"2",60.7298435369536,"ENT"
"555",2023-06-21,"2",59.7255050910702,"ENT"
"556",2023-06-22,"2",59.1318039273536,"ENT"
"557",2023-06-23,"2",60.1465379105722,"ENT"
"558",2023-06-24,"2",60.2614055477363,"ENT"
"559",2023-06-25,"2",60.7436384777497,"ENT"
"560",2023-06-26,"2",61.4390884812513,"ENT"
"561",2023-06-27,"2",61.0140951946299,"ENT"
"562",2023-06-28,"2",61.3414598739374,"ENT"
"563",2023-06-29,"2",61.1024989816256,"ENT"
"564",2023-06-30,"2",61.2579353647345,"ENT"
"565",2023-07-01,"2",60.5459529376718,"ENT"
"566",2023-07-02,"2",60.5170812203586,"ENT"
"567",2023-07-03,"2",60.5869034877626,"ENT"
"568",2023-07-04,"2",60.6433952946483,"ENT"
"569",2023-07-05,"2",60.6115765116592,"ENT"
"570",2023-07-06,"2",60.6220947578104,"ENT"
"571",2023-07-07,"2",62.0327589904061,"ENT"
"572",2023-07-08,"2",61.4237388082843,"ENT"
"573",2023-07-09,"2",61.9520219271412,"ENT"
"574",2023-07-10,"2",61.2995806104373,"ENT"
"575",2023-07-11,"2",63.4096528086132,"ENT"
"576",2023-07-12,"2",61.7753367811695,"ENT"
"577",2023-07-13,"2",60.7291555575427,"ENT"
"578",2023-07-14,"2",60.1829137971112,"ENT"
"579",2023-07-15,"2",61.2240127023276,"ENT"
"580",2023-07-16,"2",60.8448199712823,"ENT"
"581",2023-07-17,"2",61.5916906248879,"ENT"
"582",2023-07-18,"2",62.5153687748796,"ENT"
"583",2023-07-19,"2",61.5073825963771,"ENT"
"584",2023-07-20,"2",60.9856040124812,"ENT"
"585",2023-07-21,"2",61.5277287863431,"ENT"
"586",2023-07-22,"2",61.4150745972543,"ENT"
"587",2023-07-23,"2",61.3170605182057,"ENT"
"588",2023-07-24,"2",62.125242650469,"ENT"
"589",2023-07-25,"2",62.4815835543082,"ENT"
"590",2023-07-26,"2",62.4884137056896,"ENT"
"591",2023-07-27,"2",62.718929142976,"ENT"
"592",2023-07-28,"2",62.9491903261919,"ENT"
"593",2023-07-29,"2",62.7628958639103,"ENT"
"594",2023-07-30,"2",63.4174893580378,"ENT"
"595",2023-07-31,"2",63.0874165764523,"ENT"
"596",2023-08-01,"2",63.0478517200599,"ENT"
"597",2023-08-02,"2",63.2104373920776,"ENT"
"598",2023-08-03,"2",63.2207007144985,"ENT"
"599",2023-08-04,"2",63.3869952723589,"ENT"
"600",2023-08-05,"2",64.117153111995,"ENT"
"601",2023-08-06,"2",63.7524756501621,"ENT"
"602",2023-08-07,"2",63.5006480812089,"ENT"
"603",2023-08-08,"2",64.4301180478445,"ENT"
"604",2023-08-09,"2",64.3855558500888,"ENT"
"605",2023-08-10,"2",64.1677256535835,"ENT"
"606",2023-08-11,"2",64.2011039460635,"ENT"
"607",2023-08-12,"2",63.8273815333845,"ENT"
"608",2023-08-13,"2",62.6140171270968,"ENT"
"609",2023-08-14,"2",62.572608711535,"ENT"
"610",2023-08-15,"2",64.5374268223759,"ENT"
"611",2023-08-16,"2",64.5008696676748,"ENT"
"612",2023-08-17,"2",65.7154945252317,"ENT"
"613",2023-08-18,"2",66.741697700153,"ENT"
"614",2023-08-19,"2",66.7817572707142,"ENT"
"615",2023-08-20,"2",67.3968568978121,"ENT"
"616",2023-08-21,"2",67.4763198397483,"ENT"
"617",2023-08-22,"2",67.9418329596365,"ENT"
"618",2023-08-23,"2",66.1927192486637,"ENT"
"619",2023-08-24,"2",66.2599659720012,"ENT"
"620",2023-08-25,"2",67.0917656285999,"ENT"
"621",2023-08-26,"2",67.6380594822234,"ENT"
"622",2023-08-27,"2",68.1838868633411,"ENT"
"623",2023-08-28,"2",68.176218952706,"ENT"
"624",2023-08-29,"2",68.4800661640832,"ENT"
"625",2023-08-30,"2",68.6891087619538,"ENT"
"626",2023-08-31,"2",66.8612255072296,"ENT"
"627",2023-09-01,"2",67.3710061393289,"ENT"
"628",2023-09-02,"2",67.8209932362675,"ENT"
"629",2023-09-03,"2",67.4818951880344,"ENT"
"630",2023-09-04,"2",66.9715620827448,"ENT"
"631",2023-09-05,"2",66.6049390380367,"ENT"
"632",2023-09-06,"2",66.6781053007372,"ENT"
"633",2023-09-07,"2",66.0671855202062,"ENT"
"634",2023-09-08,"2",66.43916780993,"ENT"
"635",2023-09-09,"2",66.6343459190053,"ENT"
"636",2023-09-10,"2",67.7946956816388,"ENT"
"637",2023-09-11,"2",67.6555496826488,"ENT"
"638",2023-09-12,"2",68.0251575956012,"ENT"
"639",2023-09-13,"2",67.1990294147384,"ENT"
"640",2023-09-14,"2",67.0347186185487,"ENT"
"641",2023-09-15,"2",67.6881117180203,"ENT"
"642",2023-09-16,"2",67.4629207149123,"ENT"
"643",2023-09-17,"2",67.9066997917684,"ENT"
"644",2023-09-18,"2",68.4704759713533,"ENT"
"645",2023-09-19,"2",69.1317387586717,"ENT"
"646",2023-09-20,"2",69.2338178150319,"ENT"
"647",2023-09-21,"2",69.1128146931064,"ENT"
"648",2023-09-22,"2",69.0062816441614,"ENT"
"649",2023-09-23,"2",69.0104501166579,"ENT"
"650",2023-09-24,"2",69.5253041390833,"ENT"
"651",2023-09-25,"2",69.4599657362533,"ENT"
"652",2023-09-26,"2",70.0025851086451,"ENT"
"653",2023-09-27,"2",69.2661646533224,"ENT"
"654",2023-09-28,"2",68.7688544174366,"ENT"
"655",2023-09-29,"2",69.732520403913,"ENT"
"656",2023-09-30,"2",70.483526937988,"ENT"
"657",2023-10-01,"2",70.7958671850423,"ENT"
"658",2023-10-02,"2",69.2228602706989,"ENT"
"659",2023-10-03,"2",69.5714325362012,"ENT"
"660",2023-10-04,"2",68.2859118203108,"ENT"
"661",2023-10-05,"2",68.0583268812833,"ENT"
"662",2023-10-06,"2",68.8730153204227,"ENT"
"663",2023-10-07,"2",68.9125805226915,"ENT"
"664",2023-10-08,"2",69.3715110877356,"ENT"
"665",2023-10-09,"2",70.0535069011318,"ENT"
"666",2023-10-10,"2",71.7123525984886,"ENT"
"667",2023-10-11,"2",70.4677008571027,"ENT"
"668",2023-10-12,"2",71.1326456738576,"ENT"
"669",2023-10-13,"2",70.4032085448129,"ENT"
"670",2023-10-14,"2",71.124605964195,"ENT"
"671",2023-10-15,"2",71.2353786687655,"ENT"
"672",2023-10-16,"2",70.217243526549,"ENT"
"673",2023-10-17,"2",70.4558063528657,"ENT"
"674",2023-10-18,"2",70.3927493602147,"ENT"
"675",2023-10-19,"2",69.8420770456775,"ENT"
"676",2023-10-20,"2",69.7646311743871,"ENT"
"677",2023-10-21,"2",68.9803031375013,"ENT"
"678",2023-10-22,"2",67.9401661693499,"ENT"
"679",2023-10-23,"2",67.6123325286064,"ENT"
"680",2023-10-24,"2",68.4883577898402,"ENT"
"681",2023-10-25,"2",68.1559749228329,"ENT"
"682",2023-10-26,"2",67.1567939069922,"ENT"
"683",2023-10-27,"2",66.4888018316861,"ENT"
"684",2023-10-28,"2",65.8856247479191,"ENT"
"685",2023-10-29,"2",65.5802929143298,"ENT"
"686",2023-10-30,"2",65.240822927427,"ENT"
"687",2023-10-31,"2",64.9213919970657,"ENT"
"688",2023-11-01,"2",64.8969306765154,"ENT"
"689",2023-11-02,"2",64.9673263420942,"ENT"
"690",2023-11-03,"2",66.3380322784962,"ENT"
"691",2023-11-04,"2",66.5915882773539,"ENT"
"692",2023-11-05,"2",66.7881515579415,"ENT"
"693",2023-11-06,"2",66.3838167385634,"ENT"
"694",2023-11-07,"2",67.1873228686391,"ENT"
"695",2023-11-08,"2",67.2533069153564,"ENT"
"696",2023-11-09,"2",68.0785853191812,"ENT"
"697",2023-11-10,"2",67.538071369879,"ENT"
"698",2023-11-11,"2",68.1663411324078,"ENT"
"699",2023-11-12,"2",67.9484933838782,"ENT"
"700",2023-11-13,"2",66.8522379123351,"ENT"
"701",2023-11-14,"2",65.5861311412592,"ENT"
"702",2023-11-15,"2",65.9733777126689,"ENT"
"703",2023-11-16,"2",65.3185740781418,"ENT"
"704",2023-11-17,"2",65.8933871267369,"ENT"
"705",2023-11-18,"2",65.9517286523263,"ENT"
"706",2023-11-19,"2",67.3790703880153,"ENT"
"707",2023-11-20,"2",67.5149570209587,"ENT"
"708",2023-11-21,"2",67.8255534133308,"ENT"
"709",2023-11-22,"2",67.6962217037127,"ENT"
"710",2023-11-23,"2",67.5936890675273,"ENT"
"711",2023-11-24,"2",67.6955837722858,"ENT"
"712",2023-11-25,"2",69.0484020463368,"ENT"
"713",2023-11-26,"2",68.7253967478367,"ENT"
"714",2023-11-27,"2",67.0680372149903,"ENT"
"715",2023-11-28,"2",67.1731400719728,"ENT"
"716",2023-11-29,"2",66.7713309608256,"ENT"
"717",2023-11-30,"2",66.3859612333415,"ENT"
"718",2023-12-01,"2",67.0518092396162,"ENT"
"719",2023-12-02,"2",67.434623970373,"ENT"
"720",2023-12-03,"2",67.0422131995509,"ENT"
"721",2023-12-04,"2",67.2690180972461,"ENT"
"722",2023-12-05,"2",68.4391110770312,"ENT"
"723",2023-12-06,"2",68.1902442103294,"ENT"
"724",2023-12-07,"2",67.9831433400922,"ENT"
"725",2023-12-08,"2",68.7886509454503,"ENT"
"726",2023-12-09,"2",68.8987635266349,"ENT"
"727",2023-12-10,"2",68.096102178668,"ENT"
"728",2023-12-11,"2",68.1034226326461,"ENT"
"729",2023-12-12,"2",67.5787463437912,"ENT"
"730",2023-12-13,"2",66.3846279216912,"ENT"
"731",2022-12-14,"3",68.7416295781002,"ENT"
"732",2022-12-15,"3",67.5829643128209,"ENT"
"733",2022-12-16,"3",67.7412840866291,"ENT"
"734",2022-12-17,"3",68.0002041593065,"ENT"
"735",2022-12-18,"3",68.1530140389288,"ENT"
"736",2022-12-19,"3",68.2951860061574,"ENT"
"737",2022-12-20,"3",67.0793014738389,"ENT"
"738",2022-12-21,"3",66.3634586088223,"ENT"
"739",2022-12-22,"3",65.8368501959638,"ENT"
"740",2022-12-23,"3",66.1265052486212,"ENT"
"741",2022-12-24,"3",66.7321753860668,"ENT"
"742",2022-12-25,"3",67.1997602834432,"ENT"
"743",2022-12-26,"3",67.3002425995543,"ENT"
"744",2022-12-27,"3",68.1842553851963,"ENT"
"745",2022-12-28,"3",66.6008116865392,"ENT"
"746",2022-12-29,"3",67.1455235215268,"ENT"
"747",2022-12-30,"3",69.616831304386,"ENT"
"748",2022-12-31,"3",71.007703011878,"ENT"
"749",2023-01-01,"3",70.74960719479,"ENT"
"750",2023-01-02,"3",69.7649081045196,"ENT"
"751",2023-01-03,"3",69.8622168773953,"ENT"
"752",2023-01-04,"3",69.5523895062867,"ENT"
"753",2023-01-05,"3",68.7140453431486,"ENT"
"754",2023-01-06,"3",70.7398306775845,"ENT"
"755",2023-01-07,"3",71.5806178023122,"ENT"
"756",2023-01-08,"3",72.4691430592818,"ENT"
"757",2023-01-09,"3",73.9008928146142,"ENT"
"758",2023-01-10,"3",75.3284245528283,"ENT"
"759",2023-01-11,"3",74.5769670606809,"ENT"
"760",2023-01-12,"3",74.1067478334209,"ENT"
"761",2023-01-13,"3",75.6627758444861,"ENT"
"762",2023-01-14,"3",76.1394801230127,"ENT"
"763",2023-01-15,"3",77.1284160558163,"ENT"
"764",2023-01-16,"3",76.7440323486839,"ENT"
"765",2023-01-17,"3",78.1960409225709,"ENT"
"766",2023-01-18,"3",77.133474278502,"ENT"
"767",2023-01-19,"3",75.5842645592061,"ENT"
"768",2023-01-20,"3",76.1525987701942,"ENT"
"769",2023-01-21,"3",77.0593271202967,"ENT"
"770",2023-01-22,"3",77.4301284344124,"ENT"
"771",2023-01-23,"3",77.5819137304231,"ENT"
"772",2023-01-24,"3",76.7647623380891,"ENT"
"773",2023-01-25,"3",77.163377912762,"ENT"
"774",2023-01-26,"3",75.5238858835825,"ENT"
"775",2023-01-27,"3",76.3509760551997,"ENT"
"776",2023-01-28,"3",77.2352397168503,"ENT"
"777",2023-01-29,"3",76.9950675104983,"ENT"
"778",2023-01-30,"3",76.8077851021881,"ENT"
"779",2023-01-31,"3",76.685878774872,"ENT"
"780",2023-02-01,"3",76.4292562788321,"ENT"
"781",2023-02-02,"3",76.0305775662933,"ENT"
"782",2023-02-03,"3",75.715114164289,"ENT"
"783",2023-02-04,"3",75.0840934432202,"ENT"
"784",2023-02-05,"3",75.2095223235325,"ENT"
"785",2023-02-06,"3",73.5630302634774,"ENT"
"786",2023-02-07,"3",75.069676467986,"ENT"
"787",2023-02-08,"3",75.4886585198939,"ENT"
"788",2023-02-09,"3",75.5869217740579,"ENT"
"789",2023-02-10,"3",75.777928676297,"ENT"
"790",2023-02-11,"3",74.8978933008718,"ENT"
"791",2023-02-12,"3",74.6249844621572,"ENT"
"792",2023-02-13,"3",74.7950355305973,"ENT"
"793",2023-02-14,"3",74.4278459427396,"ENT"
"794",2023-02-15,"3",74.3478312333393,"ENT"
"795",2023-02-16,"3",73.4522081445351,"ENT"
"796",2023-02-17,"3",73.6310755241042,"ENT"
"797",2023-02-18,"3",74.0464305746766,"ENT"
"798",2023-02-19,"3",73.7631305735034,"ENT"
"799",2023-02-20,"3",73.0178560414945,"ENT"
"800",2023-02-21,"3",74.0180093713475,"ENT"
"801",2023-02-22,"3",71.7476859298879,"ENT"
"802",2023-02-23,"3",72.0334309799714,"ENT"
"803",2023-02-24,"3",71.8327665236605,"ENT"
"804",2023-02-25,"3",71.4716821406382,"ENT"
"805",2023-02-26,"3",70.1935770443729,"ENT"
"806",2023-02-27,"3",69.9083902981563,"ENT"
"807",2023-02-28,"3",68.6609342209269,"ENT"
"808",2023-03-01,"3",69.3754578899642,"ENT"
"809",2023-03-02,"3",68.3717073107287,"ENT"
"810",2023-03-03,"3",68.504415150805,"ENT"
"811",2023-03-04,"3",69.2968055917356,"ENT"
"812",2023-03-05,"3",69.2442345079144,"ENT"
"813",2023-03-06,"3",69.0476182768136,"ENT"
"814",2023-03-07,"3",70.5924372484995,"ENT"
"815",2023-03-08,"3",71.026957888542,"ENT"
"816",2023-03-09,"3",69.853855666365,"ENT"
"817",2023-03-10,"3",67.5263071185974,"ENT"
"818",2023-03-11,"3",67.4113641604647,"ENT"
"819",2023-03-12,"3",67.827350415577,"ENT"
"820",2023-03-13,"3",68.505545723145,"ENT"
"821",2023-03-14,"3",70.0488094987703,"ENT"
"822",2023-03-15,"3",70.064292445775,"ENT"
"823",2023-03-16,"3",69.9357162909066,"ENT"
"824",2023-03-17,"3",69.6294076776056,"ENT"
"825",2023-03-18,"3",69.9101013179829,"ENT"
"826",2023-03-19,"3",68.6250300042831,"ENT"
"827",2023-03-20,"3",68.0960974755025,"ENT"
"828",2023-03-21,"3",69.4053022327058,"ENT"
"829",2023-03-22,"3",70.2211330761691,"ENT"
"830",2023-03-23,"3",68.7832286770837,"ENT"
"831",2023-03-24,"3",68.1150403124197,"ENT"
"832",2023-03-25,"3",68.7641228928635,"ENT"
"833",2023-03-26,"3",69.1409219483937,"ENT"
"834",2023-03-27,"3",69.0548941147595,"ENT"
"835",2023-03-28,"3",69.9511169589752,"ENT"
"836",2023-03-29,"3",68.7107868059748,"ENT"
"837",2023-03-30,"3",67.7162118041575,"ENT"
"838",2023-03-31,"3",67.4636025104052,"ENT"
"839",2023-04-01,"3",67.2183480784771,"ENT"
"840",2023-04-02,"3",65.9255252755252,"ENT"
"841",2023-04-03,"3",64.4006025753976,"ENT"
"842",2023-04-04,"3",64.6614762674913,"ENT"
"843",2023-04-05,"3",65.0221287200482,"ENT"
"844",2023-04-06,"3",65.4442728476574,"ENT"
"845",2023-04-07,"3",65.6102604876624,"ENT"
"846",2023-04-08,"3",66.7999448107211,"ENT"
"847",2023-04-09,"3",66.6725834658096,"ENT"
"848",2023-04-10,"3",66.3013600023863,"ENT"
"849",2023-04-11,"3",66.2054892136492,"ENT"
"850",2023-04-12,"3",66.4502650720916,"ENT"
"851",2023-04-13,"3",65.2769141574812,"ENT"
"852",2023-04-14,"3",65.1835345593639,"ENT"
"853",2023-04-15,"3",66.2865338949469,"ENT"
"854",2023-04-16,"3",66.8975337678942,"ENT"
"855",2023-04-17,"3",68.086543994725,"ENT"
"856",2023-04-18,"3",69.8345411688548,"ENT"
"857",2023-04-19,"3",68.7680722877385,"ENT"
"858",2023-04-20,"3",68.5723415922628,"ENT"
"859",2023-04-21,"3",67.9515261578854,"ENT"
"860",2023-04-22,"3",69.0583211265119,"ENT"
"861",2023-04-23,"3",68.3315180639642,"ENT"
"862",2023-04-24,"3",68.3915605425052,"ENT"
"863",2023-04-25,"3",69.7584231746906,"ENT"
"864",2023-04-26,"3",69.7142038597135,"ENT"
"865",2023-04-27,"3",69.3189194605022,"ENT"
"866",2023-04-28,"3",67.7517815403166,"ENT"
"867",2023-04-29,"3",69.2612171893747,"ENT"
"868",2023-04-30,"3",68.0881119860927,"ENT"
"869",2023-05-01,"3",66.9917080692857,"ENT"
"870",2023-05-02,"3",67.3057437465733,"ENT"
"871",2023-05-03,"3",66.2823767997859,"ENT"
"872",2023-05-04,"3",64.6831535348651,"ENT"
"873",2023-05-05,"3",65.271698279638,"ENT"
"874",2023-05-06,"3",65.4658075278378,"ENT"
"875",2023-05-07,"3",65.0145983159636,"ENT"
"876",2023-05-08,"3",64.1118359612175,"ENT"
"877",2023-05-09,"3",65.0430692414381,"ENT"
"878",2023-05-10,"3",63.8072290665926,"ENT"
"879",2023-05-11,"3",62.6774251377132,"ENT"
"880",2023-05-12,"3",62.6153164526588,"ENT"
"881",2023-05-13,"3",64.5432681912515,"ENT"
"882",2023-05-14,"3",63.9562170114916,"ENT"
"883",2023-05-15,"3",63.1184669166316,"ENT"
"884",2023-05-16,"3",63.8833324314039,"ENT"
"885",2023-05-17,"3",62.8515837352627,"ENT"
"886",2023-05-18,"3",62.2070334644971,"ENT"
"887",2023-05-19,"3",61.582618527252,"ENT"
"888",2023-05-20,"3",62.3226303759599,"ENT"
"889",2023-05-21,"3",61.3311006399468,"ENT"
"890",2023-05-22,"3",61.4629719639077,"ENT"
"891",2023-05-23,"3",61.9632014251183,"ENT"
"892",2023-05-24,"3",62.0070935844987,"ENT"
"893",2023-05-25,"3",61.3208466847898,"ENT"
"894",2023-05-26,"3",60.9035209149962,"ENT"
"895",2023-05-27,"3",60.5280373351402,"ENT"
"896",2023-05-28,"3",60.1344495466906,"ENT"
"897",2023-05-29,"3",59.5789557660082,"ENT"
"898",2023-05-30,"3",60.0235313799395,"ENT"
"899",2023-05-31,"3",59.9412293768828,"ENT"
"900",2023-06-01,"3",60.2501614377248,"ENT"
"901",2023-06-02,"3",59.4089867513918,"ENT"
"902",2023-06-03,"3",59.794241825644,"ENT"
"903",2023-06-04,"3",59.9748002787927,"ENT"
"904",2023-06-05,"3",58.9974067162281,"ENT"
"905",2023-06-06,"3",60.0980331586436,"ENT"
"906",2023-06-07,"3",60.1672718429229,"ENT"
"907",2023-06-08,"3",59.3363044923352,"ENT"
"908",2023-06-09,"3",61.0091066187807,"ENT"
"909",2023-06-10,"3",61.1059495974406,"ENT"
"910",2023-06-11,"3",59.5764080925886,"ENT"
"911",2023-06-12,"3",59.4648197688044,"ENT"
"912",2023-06-13,"3",60.6219568593008,"ENT"
"913",2023-06-14,"3",60.8419869857035,"ENT"
"914",2023-06-15,"3",60.6674903683175,"ENT"
"915",2023-06-16,"3",59.7267073504208,"ENT"
"916",2023-06-17,"3",60.1903215142862,"ENT"
"917",2023-06-18,"3",60.1381544496123,"ENT"
"918",2023-06-19,"3",60.4279951047289,"ENT"
"919",2023-06-20,"3",61.0180653358121,"ENT"
"920",2023-06-21,"3",60.6362745217746,"ENT"
"921",2023-06-22,"3",58.7727905307839,"ENT"
"922",2023-06-23,"3",59.0565266105859,"ENT"
"923",2023-06-24,"3",58.8262252145358,"ENT"
"924",2023-06-25,"3",59.1654137461816,"ENT"
"925",2023-06-26,"3",58.8970451770967,"ENT"
"926",2023-06-27,"3",60.1668813169998,"ENT"
"927",2023-06-28,"3",60.4478548448897,"ENT"
"928",2023-06-29,"3",59.6305817530279,"ENT"
"929",2023-06-30,"3",60.7203804875995,"ENT"
"930",2023-07-01,"3",61.214056777462,"ENT"
"931",2023-07-02,"3",60.2806124154733,"ENT"
"932",2023-07-03,"3",60.2364316755388,"ENT"
"933",2023-07-04,"3",60.1027881842715,"ENT"
"934",2023-07-05,"3",59.9902495387673,"ENT"
"935",2023-07-06,"3",59.826107571919,"ENT"
"936",2023-07-07,"3",61.6193942917391,"ENT"
"937",2023-07-08,"3",62.5575879328774,"ENT"
"938",2023-07-09,"3",61.8352615939066,"ENT"
"939",2023-07-10,"3",61.7690541875046,"ENT"
"940",2023-07-11,"3",62.9413608077968,"ENT"
"941",2023-07-12,"3",62.345082605454,"ENT"
"942",2023-07-13,"3",62.8908835777028,"ENT"
"943",2023-07-14,"3",62.8241543624409,"ENT"
"944",2023-07-15,"3",63.470861002177,"ENT"
"945",2023-07-16,"3",62.9696773607731,"ENT"
"946",2023-07-17,"3",61.9911606653709,"ENT"
"947",2023-07-18,"3",61.1464600915207,"ENT"
"948",2023-07-19,"3",60.9196194478424,"ENT"
"949",2023-07-20,"3",60.2172670640027,"ENT"
"950",2023-07-21,"3",60.1625781849391,"ENT"
"951",2023-07-22,"3",60.9392393598486,"ENT"
"952",2023-07-23,"3",60.9215808889921,"ENT"
"953",2023-07-24,"3",60.5332158529332,"ENT"
"954",2023-07-25,"3",62.3210652452162,"ENT"
"955",2023-07-26,"3",62.3398576275482,"ENT"
"956",2023-07-27,"3",61.6461091993342,"ENT"
"957",2023-07-28,"3",62.1403507615435,"ENT"
"958",2023-07-29,"3",63.0884688701665,"ENT"
"959",2023-07-30,"3",64.1915808152816,"ENT"
"960",2023-07-31,"3",63.8140903714288,"ENT"
"961",2023-08-01,"3",66.243130432213,"ENT"
"962",2023-08-02,"3",66.2877639262134,"ENT"
"963",2023-08-03,"3",65.2401062014871,"ENT"
"964",2023-08-04,"3",64.1989283147736,"ENT"
"965",2023-08-05,"3",62.9654615646507,"ENT"
"966",2023-08-06,"3",62.4048022389382,"ENT"
"967",2023-08-07,"3",62.2377146957841,"ENT"
"968",2023-08-08,"3",62.5933813765335,"ENT"
"969",2023-08-09,"3",62.3718051367884,"ENT"
"970",2023-08-10,"3",61.062773918774,"ENT"
"971",2023-08-11,"3",60.9480909956826,"ENT"
"972",2023-08-12,"3",60.429637277021,"ENT"
"973",2023-08-13,"3",60.9502865100979,"ENT"
"974",2023-08-14,"3",61.2099057814979,"ENT"
"975",2023-08-15,"3",61.148827729611,"ENT"
"976",2023-08-16,"3",60.3498743913435,"ENT"
"977",2023-08-17,"3",60.4832935423003,"ENT"
"978",2023-08-18,"3",60.5951736275847,"ENT"
"979",2023-08-19,"3",60.3078544090458,"ENT"
"980",2023-08-20,"3",60.722653026245,"ENT"
"981",2023-08-21,"3",61.0859952395327,"ENT"
"982",2023-08-22,"3",60.9983490147085,"ENT"
"983",2023-08-23,"3",58.0771907674731,"ENT"
"984",2023-08-24,"3",55.9568780294371,"ENT"
"985",2023-08-25,"3",55.9537735425295,"ENT"
"986",2023-08-26,"3",56.5591543302114,"ENT"
"987",2023-08-27,"3",57.8271457766725,"ENT"
"988",2023-08-28,"3",58.3272228260587,"ENT"
"989",2023-08-29,"3",57.3978617693015,"ENT"
"990",2023-08-30,"3",57.2390436082822,"ENT"
"991",2023-08-31,"3",56.5931419346285,"ENT"
"992",2023-09-01,"3",56.9137599759659,"ENT"
"993",2023-09-02,"3",56.9379070585318,"ENT"
"994",2023-09-03,"3",56.449255650519,"ENT"
"995",2023-09-04,"3",55.5470779716385,"ENT"
"996",2023-09-05,"3",54.5086266467277,"ENT"
"997",2023-09-06,"3",53.6471650832215,"ENT"
"998",2023-09-07,"3",52.7267216724394,"ENT"
"999",2023-09-08,"3",52.8718314552337,"ENT"
"1000",2023-09-09,"3",51.9241606943777,"ENT"
"1001",2023-09-10,"3",52.4283209396235,"ENT"
"1002",2023-09-11,"3",52.6600013999602,"ENT"
"1003",2023-09-12,"3",53.3057382316093,"ENT"
"1004",2023-09-13,"3",52.1148572164194,"ENT"
"1005",2023-09-14,"3",51.1761474613365,"ENT"
"1006",2023-09-15,"3",52.5343074735327,"ENT"
"1007",2023-09-16,"3",52.3294154398812,"ENT"
"1008",2023-09-17,"3",52.7897632206462,"ENT"
"1009",2023-09-18,"3",52.0724048655635,"ENT"
"1010",2023-09-19,"3",51.9091629232735,"ENT"
"1011",2023-09-20,"3",50.4390132645773,"ENT"
"1012",2023-09-21,"3",50.3923814706077,"ENT"
"1013",2023-09-22,"3",50.3614959273869,"ENT"
"1014",2023-09-23,"3",49.7949775227706,"ENT"
"1015",2023-09-24,"3",48.6279391440902,"ENT"
"1016",2023-09-25,"3",48.4667323172381,"ENT"
"1017",2023-09-26,"3",50.5190756793355,"ENT"
"1018",2023-09-27,"3",50.1165354111841,"ENT"
"1019",2023-09-28,"3",51.5897429050474,"ENT"
"1020",2023-09-29,"3",50.5644200411114,"ENT"
"1021",2023-09-30,"3",50.7606052600624,"ENT"
"1022",2023-10-01,"3",51.7655704608555,"ENT"
"1023",2023-10-02,"3",51.6361113128679,"ENT"
"1024",2023-10-03,"3",51.1878986862447,"ENT"
"1025",2023-10-04,"3",50.543534186265,"ENT"
"1026",2023-10-05,"3",49.872716270067,"ENT"
"1027",2023-10-06,"3",50.3789149170341,"ENT"
"1028",2023-10-07,"3",51.0973072850492,"ENT"
"1029",2023-10-08,"3",50.4281136139266,"ENT"
"1030",2023-10-09,"3",50.6881129356775,"ENT"
"1031",2023-10-10,"3",50.1890541549445,"ENT"
"1032",2023-10-11,"3",51.0169034563431,"ENT"
"1033",2023-10-12,"3",50.3587207750602,"ENT"
"1034",2023-10-13,"3",50.9261039275669,"ENT"
"1035",2023-10-14,"3",51.7523566025058,"ENT"
"1036",2023-10-15,"3",50.3222897591116,"ENT"
"1037",2023-10-16,"3",49.8541999403547,"ENT"
"1038",2023-10-17,"3",49.9219540725367,"ENT"
"1039",2023-10-18,"3",51.0850047208333,"ENT"
"1040",2023-10-19,"3",49.7710176009871,"ENT"
"1041",2023-10-20,"3",50.3610348476157,"ENT"
"1042",2023-10-21,"3",50.8689817345329,"ENT"
"1043",2023-10-22,"3",51.4110348901186,"ENT"
"1044",2023-10-23,"3",50.7717189248472,"ENT"
"1045",2023-10-24,"3",51.2500636196588,"ENT"
"1046",2023-10-25,"3",51.0929047331453,"ENT"
"1047",2023-10-26,"3",50.7488766629351,"ENT"
"1048",2023-10-27,"3",50.6696991269162,"ENT"
"1049",2023-10-28,"3",51.631631908193,"ENT"
"1050",2023-10-29,"3",52.1598123113788,"ENT"
"1051",2023-10-30,"3",52.6484381386774,"ENT"
"1052",2023-10-31,"3",54.0177013609326,"ENT"
"1053",2023-11-01,"3",53.6357401831872,"ENT"
"1054",2023-11-02,"3",53.8178777693158,"ENT"
"1055",2023-11-03,"3",53.6430256817636,"ENT"
"1056",2023-11-04,"3",54.4612434462027,"ENT"
"1057",2023-11-05,"3",54.4481459568589,"ENT"
"1058",2023-11-06,"3",55.0695993304469,"ENT"
"1059",2023-11-07,"3",55.3048077209078,"ENT"
"1060",2023-11-08,"3",53.9635285235094,"ENT"
"1061",2023-11-09,"3",53.0556293651931,"ENT"
"1062",2023-11-10,"3",52.4897296303816,"ENT"
"1063",2023-11-11,"3",52.5053687322189,"ENT"
"1064",2023-11-12,"3",53.812681309709,"ENT"
"1065",2023-11-13,"3",55.6840557854685,"ENT"
"1066",2023-11-14,"3",56.2198726703012,"ENT"
"1067",2023-11-15,"3",56.0651631112647,"ENT"
"1068",2023-11-16,"3",55.6500776890462,"ENT"
"1069",2023-11-17,"3",55.4773302908262,"ENT"
"1070",2023-11-18,"3",56.4142791569248,"ENT"
"1071",2023-11-19,"3",56.2544065437589,"ENT"
"1072",2023-11-20,"3",56.4639337744086,"ENT"
"1073",2023-11-21,"3",55.7328952513522,"ENT"
"1074",2023-11-22,"3",55.8932427972398,"ENT"
"1075",2023-11-23,"3",54.7259304328823,"ENT"
"1076",2023-11-24,"3",54.6405444331083,"ENT"
"1077",2023-11-25,"3",54.8786101149083,"ENT"
"1078",2023-11-26,"3",55.3125794540815,"ENT"
"1079",2023-11-27,"3",55.0852308352701,"ENT"
"1080",2023-11-28,"3",56.2920838602122,"ENT"
"1081",2023-11-29,"3",57.2889153087116,"ENT"
"1082",2023-11-30,"3",57.2471825963153,"ENT"
"1083",2023-12-01,"3",56.955554043993,"ENT"
"1084",2023-12-02,"3",56.9272289465898,"ENT"
"1085",2023-12-03,"3",56.6013119138575,"ENT"
"1086",2023-12-04,"3",55.6174755886102,"ENT"
"1087",2023-12-05,"3",58.2513438934639,"ENT"
"1088",2023-12-06,"3",57.6759520189137,"ENT"
"1089",2023-12-07,"3",56.9846878376349,"ENT"
"1090",2023-12-08,"3",57.5776765851957,"ENT"
"1091",2023-12-09,"3",58.2533608467007,"ENT"
"1092",2023-12-10,"3",58.2139590937741,"ENT"
"1093",2023-12-11,"3",57.4642746951581,"ENT"
"1094",2023-12-12,"3",58.2533906657711,"ENT"
"1095",2023-12-13,"3",58.0866794481404,"ENT"
"1096",2022-12-14,"4",68.8322274450659,"ENT"
"1097",2022-12-15,"4",67.8917899289702,"ENT"
"1098",2022-12-16,"4",68.1561237781916,"ENT"
"1099",2022-12-17,"4",69.1067240212192,"ENT"
"1100",2022-12-18,"4",68.7764285830921,"ENT"
"1101",2022-12-19,"4",69.132612727844,"ENT"
"1102",2022-12-20,"4",70.189860238644,"ENT"
"1103",2022-12-21,"4",70.2146259154588,"ENT"
"1104",2022-12-22,"4",71.835264332909,"ENT"
"1105",2022-12-23,"4",72.5811046391652,"ENT"
"1106",2022-12-24,"4",72.59474106551,"ENT"
"1107",2022-12-25,"4",72.0784682538147,"ENT"
"1108",2022-12-26,"4",72.1138991106157,"ENT"
"1109",2022-12-27,"4",72.4078758218872,"ENT"
"1110",2022-12-28,"4",72.2597950826848,"ENT"
"1111",2022-12-29,"4",72.7686938573556,"ENT"
"1112",2022-12-30,"4",73.175375747037,"ENT"
"1113",2022-12-31,"4",71.3143475764473,"ENT"
"1114",2023-01-01,"4",71.3575088645665,"ENT"
"1115",2023-01-02,"4",70.751728229471,"ENT"
"1116",2023-01-03,"4",71.2044395256741,"ENT"
"1117",2023-01-04,"4",69.9993899364508,"ENT"
"1118",2023-01-05,"4",70.0574268414704,"ENT"
"1119",2023-01-06,"4",71.0735926938555,"ENT"
"1120",2023-01-07,"4",69.9049699743843,"ENT"
"1121",2023-01-08,"4",69.8368590989593,"ENT"
"1122",2023-01-09,"4",68.8567137656244,"ENT"
"1123",2023-01-10,"4",69.3192837394774,"ENT"
"1124",2023-01-11,"4",69.6263585127019,"ENT"
"1125",2023-01-12,"4",68.7043257630813,"ENT"
"1126",2023-01-13,"4",67.6187347399756,"ENT"
"1127",2023-01-14,"4",67.2717346353739,"ENT"
"1128",2023-01-15,"4",66.4546315056341,"ENT"
"1129",2023-01-16,"4",66.563126833553,"ENT"
"1130",2023-01-17,"4",67.2906202641298,"ENT"
"1131",2023-01-18,"4",65.928033938803,"ENT"
"1132",2023-01-19,"4",65.5259515121515,"ENT"
"1133",2023-01-20,"4",66.5171223629885,"ENT"
"1134",2023-01-21,"4",66.3505069872065,"ENT"
"1135",2023-01-22,"4",64.6305101314369,"ENT"
"1136",2023-01-23,"4",64.7328547283748,"ENT"
"1137",2023-01-24,"4",65.9542976779754,"ENT"
"1138",2023-01-25,"4",65.5618833280045,"ENT"
"1139",2023-01-26,"4",65.8104307337462,"ENT"
"1140",2023-01-27,"4",66.1951812424686,"ENT"
"1141",2023-01-28,"4",66.8307576237644,"ENT"
"1142",2023-01-29,"4",66.1883867198595,"ENT"
"1143",2023-01-30,"4",65.9974774582338,"ENT"
"1144",2023-01-31,"4",65.5511309711825,"ENT"
"1145",2023-02-01,"4",64.9035940761412,"ENT"
"1146",2023-02-02,"4",64.5104816811774,"ENT"
"1147",2023-02-03,"4",66.1004834261915,"ENT"
"1148",2023-02-04,"4",64.8226224043786,"ENT"
"1149",2023-02-05,"4",65.9347585013725,"ENT"
"1150",2023-02-06,"4",64.2150608138579,"ENT"
"1151",2023-02-07,"4",64.1300152378263,"ENT"
"1152",2023-02-08,"4",64.0126343046801,"ENT"
"1153",2023-02-09,"4",63.8995195313741,"ENT"
"1154",2023-02-10,"4",64.8471866291149,"ENT"
"1155",2023-02-11,"4",64.868844122688,"ENT"
"1156",2023-02-12,"4",64.2833632997741,"ENT"
"1157",2023-02-13,"4",64.4126612699767,"ENT"
"1158",2023-02-14,"4",63.5895465689048,"ENT"
"1159",2023-02-15,"4",62.6402535033263,"ENT"
"1160",2023-02-16,"4",60.8765723491313,"ENT"
"1161",2023-02-17,"4",59.5250142331568,"ENT"
"1162",2023-02-18,"4",59.8763080981736,"ENT"
"1163",2023-02-19,"4",59.6989582782738,"ENT"
"1164",2023-02-20,"4",58.3433904121991,"ENT"
"1165",2023-02-21,"4",59.2185671698144,"ENT"
"1166",2023-02-22,"4",60.4127484122111,"ENT"
"1167",2023-02-23,"4",59.0613510913091,"ENT"
"1168",2023-02-24,"4",58.9624977588239,"ENT"
"1169",2023-02-25,"4",59.7856874684853,"ENT"
"1170",2023-02-26,"4",60.6283016208814,"ENT"
"1171",2023-02-27,"4",60.9242904670863,"ENT"
"1172",2023-02-28,"4",61.7968031241121,"ENT"
"1173",2023-03-01,"4",59.6644638803898,"ENT"
"1174",2023-03-02,"4",58.432041437974,"ENT"
"1175",2023-03-03,"4",58.9011736286078,"ENT"
"1176",2023-03-04,"4",57.9042257590641,"ENT"
"1177",2023-03-05,"4",58.0229896221648,"ENT"
"1178",2023-03-06,"4",59.594571027065,"ENT"
"1179",2023-03-07,"4",59.8543507974,"ENT"
"1180",2023-03-08,"4",60.4538328510074,"ENT"
"1181",2023-03-09,"4",60.9477225595291,"ENT"
"1182",2023-03-10,"4",61.2920428206523,"ENT"
"1183",2023-03-11,"4",61.3687096015529,"ENT"
"1184",2023-03-12,"4",61.5183084011311,"ENT"
"1185",2023-03-13,"4",61.3082545911464,"ENT"
"1186",2023-03-14,"4",62.3249604262041,"ENT"
"1187",2023-03-15,"4",62.4987452446659,"ENT"
"1188",2023-03-16,"4",62.135866729665,"ENT"
"1189",2023-03-17,"4",62.2906466373683,"ENT"
"1190",2023-03-18,"4",63.7570219075843,"ENT"
"1191",2023-03-19,"4",62.3304852407206,"ENT"
"1192",2023-03-20,"4",63.346905855866,"ENT"
"1193",2023-03-21,"4",65.5931346906364,"ENT"
"1194",2023-03-22,"4",64.7349131026723,"ENT"
"1195",2023-03-23,"4",62.738414690288,"ENT"
"1196",2023-03-24,"4",62.4639007750449,"ENT"
"1197",2023-03-25,"4",62.2607012858913,"ENT"
"1198",2023-03-26,"4",62.3053508618491,"ENT"
"1199",2023-03-27,"4",61.8711672761547,"ENT"
"1200",2023-03-28,"4",61.627143206775,"ENT"
"1201",2023-03-29,"4",60.8729452090843,"ENT"
"1202",2023-03-30,"4",60.4719816131426,"ENT"
"1203",2023-03-31,"4",60.8349043098194,"ENT"
"1204",2023-04-01,"4",60.9698885395982,"ENT"
"1205",2023-04-02,"4",61.9047820926253,"ENT"
"1206",2023-04-03,"4",62.9824505808352,"ENT"
"1207",2023-04-04,"4",64.1172594316114,"ENT"
"1208",2023-04-05,"4",62.2913698138257,"ENT"
"1209",2023-04-06,"4",61.3866993658197,"ENT"
"1210",2023-04-07,"4",60.8238718511629,"ENT"
"1211",2023-04-08,"4",60.7482857666565,"ENT"
"1212",2023-04-09,"4",61.4336434789868,"ENT"
"1213",2023-04-10,"4",60.9354338123028,"ENT"
"1214",2023-04-11,"4",62.40458783347,"ENT"
"1215",2023-04-12,"4",61.1760301862509,"ENT"
"1216",2023-04-13,"4",60.4096405993167,"ENT"
"1217",2023-04-14,"4",60.7453817763613,"ENT"
"1218",2023-04-15,"4",60.2181117668215,"ENT"
"1219",2023-04-16,"4",59.55213429306,"ENT"
"1220",2023-04-17,"4",59.9029753784503,"ENT"
"1221",2023-04-18,"4",60.0678565535231,"ENT"
"1222",2023-04-19,"4",59.9468246695897,"ENT"
"1223",2023-04-20,"4",58.3726283970413,"ENT"
"1224",2023-04-21,"4",58.1273239168883,"ENT"
"1225",2023-04-22,"4",59.1357824387023,"ENT"
"1226",2023-04-23,"4",58.4351641832183,"ENT"
"1227",2023-04-24,"4",59.4230931117085,"ENT"
"1228",2023-04-25,"4",58.8439263217717,"ENT"
"1229",2023-04-26,"4",58.7446798149545,"ENT"
"1230",2023-04-27,"4",57.9322372008589,"ENT"
"1231",2023-04-28,"4",58.5667232963551,"ENT"
"1232",2023-04-29,"4",58.9132756333016,"ENT"
"1233",2023-04-30,"4",59.5421074229106,"ENT"
"1234",2023-05-01,"4",58.955351179481,"ENT"
"1235",2023-05-02,"4",58.6516436739207,"ENT"
"1236",2023-05-03,"4",58.7657020138593,"ENT"
"1237",2023-05-04,"4",58.5389240106065,"ENT"
"1238",2023-05-05,"4",59.2821556601009,"ENT"
"1239",2023-05-06,"4",59.1026579924837,"ENT"
"1240",2023-05-07,"4",58.3342856243262,"ENT"
"1241",2023-05-08,"4",58.1992381600285,"ENT"
"1242",2023-05-09,"4",58.9809788379385,"ENT"
"1243",2023-05-10,"4",59.2925274564168,"ENT"
"1244",2023-05-11,"4",59.4434857648656,"ENT"
"1245",2023-05-12,"4",60.1583967042422,"ENT"
"1246",2023-05-13,"4",60.4905312512904,"ENT"
"1247",2023-05-14,"4",60.2729981362501,"ENT"
"1248",2023-05-15,"4",59.9400296284094,"ENT"
"1249",2023-05-16,"4",61.7149250609661,"ENT"
"1250",2023-05-17,"4",61.6239593980289,"ENT"
"1251",2023-05-18,"4",61.541146931539,"ENT"
"1252",2023-05-19,"4",59.3451184803607,"ENT"
"1253",2023-05-20,"4",58.4989878919781,"ENT"
"1254",2023-05-21,"4",58.337304963023,"ENT"
"1255",2023-05-22,"4",59.0837632945078,"ENT"
"1256",2023-05-23,"4",59.3652564189621,"ENT"
"1257",2023-05-24,"4",58.1667636117327,"ENT"
"1258",2023-05-25,"4",58.9289945440839,"ENT"
"1259",2023-05-26,"4",58.7597071114423,"ENT"
"1260",2023-05-27,"4",59.5577290747338,"ENT"
"1261",2023-05-28,"4",60.1238865055157,"ENT"
"1262",2023-05-29,"4",59.8135531179787,"ENT"
"1263",2023-05-30,"4",59.8620230050636,"ENT"
"1264",2023-05-31,"4",59.3481930542994,"ENT"
"1265",2023-06-01,"4",60.780304984333,"ENT"
"1266",2023-06-02,"4",61.1654089396976,"ENT"
"1267",2023-06-03,"4",61.1363730310087,"ENT"
"1268",2023-06-04,"4",61.170093917251,"ENT"
"1269",2023-06-05,"4",62.379230145818,"ENT"
"1270",2023-06-06,"4",62.6739577378631,"ENT"
"1271",2023-06-07,"4",62.1903807239912,"ENT"
"1272",2023-06-08,"4",62.2663776824953,"ENT"
"1273",2023-06-09,"4",62.0244967013176,"ENT"
"1274",2023-06-10,"4",60.7491121233349,"ENT"
"1275",2023-06-11,"4",60.3356738333097,"ENT"
"1276",2023-06-12,"4",61.2100613115508,"ENT"
"1277",2023-06-13,"4",62.6122821499674,"ENT"
"1278",2023-06-14,"4",63.2511299136364,"ENT"
"1279",2023-06-15,"4",63.5191934608557,"ENT"
"1280",2023-06-16,"4",62.9302206670231,"ENT"
"1281",2023-06-17,"4",63.0072252704799,"ENT"
"1282",2023-06-18,"4",61.79452254642,"ENT"
"1283",2023-06-19,"4",61.5626607152753,"ENT"
"1284",2023-06-20,"4",62.2167768738229,"ENT"
"1285",2023-06-21,"4",61.0511214205477,"ENT"
"1286",2023-06-22,"4",60.2923767859844,"ENT"
"1287",2023-06-23,"4",59.1684945241928,"ENT"
"1288",2023-06-24,"4",60.1049616389422,"ENT"
"1289",2023-06-25,"4",60.0614001177918,"ENT"
"1290",2023-06-26,"4",59.9100604742173,"ENT"
"1291",2023-06-27,"4",62.1155787470657,"ENT"
"1292",2023-06-28,"4",62.0079626588697,"ENT"
"1293",2023-06-29,"4",60.7889500625617,"ENT"
"1294",2023-06-30,"4",61.1711085611676,"ENT"
"1295",2023-07-01,"4",61.4009979758114,"ENT"
"1296",2023-07-02,"4",60.4574179794575,"ENT"
"1297",2023-07-03,"4",60.7604919652233,"ENT"
"1298",2023-07-04,"4",61.2336658195996,"ENT"
"1299",2023-07-05,"4",62.6424084932918,"ENT"
"1300",2023-07-06,"4",62.1973297751077,"ENT"
"1301",2023-07-07,"4",62.3295962212877,"ENT"
"1302",2023-07-08,"4",62.1937882480095,"ENT"
"1303",2023-07-09,"4",61.8524295670138,"ENT"
"1304",2023-07-10,"4",61.1431905801574,"ENT"
"1305",2023-07-11,"4",61.6594014258706,"ENT"
"1306",2023-07-12,"4",61.2444274904582,"ENT"
"1307",2023-07-13,"4",61.8871836151485,"ENT"
"1308",2023-07-14,"4",62.8850566568978,"ENT"
"1309",2023-07-15,"4",62.4915904938245,"ENT"
"1310",2023-07-16,"4",63.287972603942,"ENT"
"1311",2023-07-17,"4",64.5568156790817,"ENT"
"1312",2023-07-18,"4",64.0219619551259,"ENT"
"1313",2023-07-19,"4",64.2004628095769,"ENT"
"1314",2023-07-20,"4",63.5476884916554,"ENT"
"1315",2023-07-21,"4",62.729506153197,"ENT"
"1316",2023-07-22,"4",62.6324832818299,"ENT"
"1317",2023-07-23,"4",62.6798747526337,"ENT"
"1318",2023-07-24,"4",63.3726307096312,"ENT"
"1319",2023-07-25,"4",63.1965823487207,"ENT"
"1320",2023-07-26,"4",62.6490772408149,"ENT"
"1321",2023-07-27,"4",61.7356341035724,"ENT"
"1322",2023-07-28,"4",62.6335635520012,"ENT"
"1323",2023-07-29,"4",63.1056609348033,"ENT"
"1324",2023-07-30,"4",63.775735786138,"ENT"
"1325",2023-07-31,"4",62.6313881955632,"ENT"
"1326",2023-08-01,"4",62.4809424214603,"ENT"
"1327",2023-08-02,"4",62.2447218160975,"ENT"
"1328",2023-08-03,"4",61.0716249928666,"ENT"
"1329",2023-08-04,"4",62.1602611305345,"ENT"
"1330",2023-08-05,"4",62.8103786449746,"ENT"
"1331",2023-08-06,"4",63.0013016336397,"ENT"
"1332",2023-08-07,"4",63.0640887053925,"ENT"
"1333",2023-08-08,"4",63.6814167418132,"ENT"
"1334",2023-08-09,"4",62.6884676625467,"ENT"
"1335",2023-08-10,"4",62.9089708607046,"ENT"
"1336",2023-08-11,"4",64.0569290402695,"ENT"
"1337",2023-08-12,"4",63.2396613458402,"ENT"
"1338",2023-08-13,"4",62.7905968057067,"ENT"
"1339",2023-08-14,"4",62.9239532067329,"ENT"
"1340",2023-08-15,"4",63.7669680903987,"ENT"
"1341",2023-08-16,"4",63.2249806247595,"ENT"
"1342",2023-08-17,"4",62.1682912432731,"ENT"
"1343",2023-08-18,"4",62.2239092220824,"ENT"
"1344",2023-08-19,"4",61.7371150359058,"ENT"
"1345",2023-08-20,"4",61.9159008746393,"ENT"
"1346",2023-08-21,"4",61.9223509277858,"ENT"
"1347",2023-08-22,"4",63.6061284822775,"ENT"
"1348",2023-08-23,"4",63.5767405387411,"ENT"
"1349",2023-08-24,"4",63.5872291949805,"ENT"
"1350",2023-08-25,"4",63.1431954929324,"ENT"
"1351",2023-08-26,"4",62.5058331847693,"ENT"
"1352",2023-08-27,"4",63.0084885397936,"ENT"
"1353",2023-08-28,"4",62.4583483183557,"ENT"
"1354",2023-08-29,"4",63.3546318215846,"ENT"
"1355",2023-08-30,"4",61.9045624465378,"ENT"
"1356",2023-08-31,"4",62.4673383962825,"ENT"
"1357",2023-09-01,"4",62.9831249007624,"ENT"
"1358",2023-09-02,"4",63.0534159084826,"ENT"
"1359",2023-09-03,"4",63.6952243869686,"ENT"
"1360",2023-09-04,"4",63.8750879085623,"ENT"
"1361",2023-09-05,"4",63.9221049547004,"ENT"
"1362",2023-09-06,"4",64.8294343080162,"ENT"
"1363",2023-09-07,"4",64.1845097331505,"ENT"
"1364",2023-09-08,"4",65.1420243552505,"ENT"
"1365",2023-09-09,"4",64.2273218506009,"ENT"
"1366",2023-09-10,"4",65.5710515672594,"ENT"
"1367",2023-09-11,"4",66.5379936980368,"ENT"
"1368",2023-09-12,"4",65.231610572145,"ENT"
"1369",2023-09-13,"4",66.5298068916919,"ENT"
"1370",2023-09-14,"4",66.7763088152899,"ENT"
"1371",2023-09-15,"4",66.6036478324096,"ENT"
"1372",2023-09-16,"4",67.7074609123598,"ENT"
"1373",2023-09-17,"4",66.9820127263768,"ENT"
"1374",2023-09-18,"4",66.9304930666189,"ENT"
"1375",2023-09-19,"4",66.7225282815328,"ENT"
"1376",2023-09-20,"4",65.959166212987,"ENT"
"1377",2023-09-21,"4",64.8272947714763,"ENT"
"1378",2023-09-22,"4",63.6095003996411,"ENT"
"1379",2023-09-23,"4",64.7626914182473,"ENT"
"1380",2023-09-24,"4",65.0676544186483,"ENT"
"1381",2023-09-25,"4",64.7653915204982,"ENT"
"1382",2023-09-26,"4",64.3656847577113,"ENT"
"1383",2023-09-27,"4",62.7175481543524,"ENT"
"1384",2023-09-28,"4",62.7061511982752,"ENT"
"1385",2023-09-29,"4",63.7233799736623,"ENT"
"1386",2023-09-30,"4",64.6915947763055,"ENT"
"1387",2023-10-01,"4",63.6838815903808,"ENT"
"1388",2023-10-02,"4",63.4088844895221,"ENT"
"1389",2023-10-03,"4",64.4451083600248,"ENT"
"1390",2023-10-04,"4",64.3631728175291,"ENT"
"1391",2023-10-05,"4",63.1834485080648,"ENT"
"1392",2023-10-06,"4",62.9026241913508,"ENT"
"1393",2023-10-07,"4",62.8523734960778,"ENT"
"1394",2023-10-08,"4",63.7087452292325,"ENT"
"1395",2023-10-09,"4",63.0103573978014,"ENT"
"1396",2023-10-10,"4",63.5763366790238,"ENT"
"1397",2023-10-11,"4",63.8981590150129,"ENT"
"1398",2023-10-12,"4",63.0274924678319,"ENT"
"1399",2023-10-13,"4",62.6637871821317,"ENT"
"1400",2023-10-14,"4",62.227944303077,"ENT"
"1401",2023-10-15,"4",63.4843612417976,"ENT"
"1402",2023-10-16,"4",62.9639496297865,"ENT"
"1403",2023-10-17,"4",63.7921582300024,"ENT"
"1404",2023-10-18,"4",62.650846638865,"ENT"
"1405",2023-10-19,"4",62.4943745957304,"ENT"
"1406",2023-10-20,"4",62.6770903955807,"ENT"
"1407",2023-10-21,"4",62.6457485941824,"ENT"
"1408",2023-10-22,"4",62.0798333600058,"ENT"
"1409",2023-10-23,"4",62.2544124518476,"ENT"
"1410",2023-10-24,"4",61.945786143313,"ENT"
"1411",2023-10-25,"4",61.2773314839354,"ENT"
"1412",2023-10-26,"4",62.1382980186131,"ENT"
"1413",2023-10-27,"4",62.7799341900532,"ENT"
"1414",2023-10-28,"4",63.2457388800942,"ENT"
"1415",2023-10-29,"4",62.7599039171106,"ENT"
"1416",2023-10-30,"4",63.6642712499632,"ENT"
"1417",2023-10-31,"4",63.2187653994894,"ENT"
"1418",2023-11-01,"4",63.3477379737278,"ENT"
"1419",2023-11-02,"4",63.1389633467901,"ENT"
"1420",2023-11-03,"4",62.7349184567956,"ENT"
"1421",2023-11-04,"4",62.1933574772805,"ENT"
"1422",2023-11-05,"4",62.6160275038104,"ENT"
"1423",2023-11-06,"4",63.005455554081,"ENT"
"1424",2023-11-07,"4",62.6960048770498,"ENT"
"1425",2023-11-08,"4",61.7361935784192,"ENT"
"1426",2023-11-09,"4",61.3205934890122,"ENT"
"1427",2023-11-10,"4",60.6009430070655,"ENT"
"1428",2023-11-11,"4",60.9745422719827,"ENT"
"1429",2023-11-12,"4",60.6547157601081,"ENT"
"1430",2023-11-13,"4",60.4164144626932,"ENT"
"1431",2023-11-14,"4",59.9941354123301,"ENT"
"1432",2023-11-15,"4",59.9999086152241,"ENT"
"1433",2023-11-16,"4",59.73177460965,"ENT"
"1434",2023-11-17,"4",60.6996489052493,"ENT"
"1435",2023-11-18,"4",60.6584133984278,"ENT"
"1436",2023-11-19,"4",61.3198587592714,"ENT"
"1437",2023-11-20,"4",61.4841046982412,"ENT"
"1438",2023-11-21,"4",62.0497728392099,"ENT"
"1439",2023-11-22,"4",60.7424586165853,"ENT"
"1440",2023-11-23,"4",60.2532431017695,"ENT"
"1441",2023-11-24,"4",60.9478897637203,"ENT"
"1442",2023-11-25,"4",61.32851143132,"ENT"
"1443",2023-11-26,"4",60.8390486067356,"ENT"
"1444",2023-11-27,"4",60.8114035615883,"ENT"
"1445",2023-11-28,"4",60.8557465238752,"ENT"
"1446",2023-11-29,"4",60.6909311560577,"ENT"
"1447",2023-11-30,"4",59.1616901761108,"ENT"
"1448",2023-12-01,"4",59.1974625014386,"ENT"
"1449",2023-12-02,"4",60.0403635072452,"ENT"
"1450",2023-12-03,"4",59.8565117901781,"ENT"
"1451",2023-12-04,"4",59.8704380659602,"ENT"
"1452",2023-12-05,"4",59.8037976260698,"ENT"
"1453",2023-12-06,"4",59.3387267799137,"ENT"
"1454",2023-12-07,"4",60.3418969207971,"ENT"
"1455",2023-12-08,"4",60.0849873383964,"ENT"
"1456",2023-12-09,"4",60.8352769325859,"ENT"
"1457",2023-12-10,"4",59.7254892795848,"ENT"
"1458",2023-12-11,"4",59.2010894472332,"ENT"
"1459",2023-12-12,"4",59.4979842214674,"ENT"
"1460",2023-12-13,"4",58.3739938719452,"ENT"
"1461",2022-12-14,"5",68.4855151631558,"ENT"
"1462",2022-12-15,"5",67.9179454984947,"ENT"
"1463",2022-12-16,"5",68.1111815770183,"ENT"
"1464",2022-12-17,"5",68.7875407752325,"ENT"
"1465",2022-12-18,"5",68.0713740316318,"ENT"
"1466",2022-12-19,"5",68.5526669977603,"ENT"
"1467",2022-12-20,"5",68.2983692578051,"ENT"
"1468",2022-12-21,"5",68.4742400138227,"ENT"
"1469",2022-12-22,"5",67.252727735321,"ENT"
"1470",2022-12-23,"5",67.7030453086452,"ENT"
"1471",2022-12-24,"5",69.9165615148743,"ENT"
"1472",2022-12-25,"5",70.0781458315497,"ENT"
"1473",2022-12-26,"5",68.6750801526408,"ENT"
"1474",2022-12-27,"5",69.894182483359,"ENT"
"1475",2022-12-28,"5",69.1691149889239,"ENT"
"1476",2022-12-29,"5",68.7246081422763,"ENT"
"1477",2022-12-30,"5",67.9456830069265,"ENT"
"1478",2022-12-31,"5",66.6416441235883,"ENT"
"1479",2023-01-01,"5",66.9383935767065,"ENT"
"1480",2023-01-02,"5",66.8643289283432,"ENT"
"1481",2023-01-03,"5",68.9429351251942,"ENT"
"1482",2023-01-04,"5",69.3021524203967,"ENT"
"1483",2023-01-05,"5",68.1904202025493,"ENT"
"1484",2023-01-06,"5",68.1637935051949,"ENT"
"1485",2023-01-07,"5",67.9011651012522,"ENT"
"1486",2023-01-08,"5",67.4830127001225,"ENT"
"1487",2023-01-09,"5",66.8759214415982,"ENT"
"1488",2023-01-10,"5",67.7529586905692,"ENT"
"1489",2023-01-11,"5",66.6025501708857,"ENT"
"1490",2023-01-12,"5",65.3850868418335,"ENT"
"1491",2023-01-13,"5",66.5514326792059,"ENT"
"1492",2023-01-14,"5",65.5977156522404,"ENT"
"1493",2023-01-15,"5",66.7058831489152,"ENT"
"1494",2023-01-16,"5",67.0270940946467,"ENT"
"1495",2023-01-17,"5",66.4472105833806,"ENT"
"1496",2023-01-18,"5",66.7210818240527,"ENT"
"1497",2023-01-19,"5",67.6165540150465,"ENT"
"1498",2023-01-20,"5",67.3000562056215,"ENT"
"1499",2023-01-21,"5",67.0576652279417,"ENT"
"1500",2023-01-22,"5",67.0696918734506,"ENT"
"1501",2023-01-23,"5",67.1403751008809,"ENT"
"1502",2023-01-24,"5",66.8062305615668,"ENT"
"1503",2023-01-25,"5",66.3058022123326,"ENT"
"1504",2023-01-26,"5",66.3899682814087,"ENT"
"1505",2023-01-27,"5",67.2063542878597,"ENT"
"1506",2023-01-28,"5",66.3387993451819,"ENT"
"1507",2023-01-29,"5",65.6478628958727,"ENT"
"1508",2023-01-30,"5",66.1824501338675,"ENT"
"1509",2023-01-31,"5",66.8530271528877,"ENT"
"1510",2023-02-01,"5",66.5768834965842,"ENT"
"1511",2023-02-02,"5",66.0424546220795,"ENT"
"1512",2023-02-03,"5",65.1839023647175,"ENT"
"1513",2023-02-04,"5",64.6778636175006,"ENT"
"1514",2023-02-05,"5",66.4448876168124,"ENT"
"1515",2023-02-06,"5",66.8981930948529,"ENT"
"1516",2023-02-07,"5",66.9406101407781,"ENT"
"1517",2023-02-08,"5",66.7083121404015,"ENT"
"1518",2023-02-09,"5",66.8576141771651,"ENT"
"1519",2023-02-10,"5",67.4964147218276,"ENT"
"1520",2023-02-11,"5",69.1032804583429,"ENT"
"1521",2023-02-12,"5",67.8348440648857,"ENT"
"1522",2023-02-13,"5",68.7758115417096,"ENT"
"1523",2023-02-14,"5",69.6450040928953,"ENT"
"1524",2023-02-15,"5",67.8117079625383,"ENT"
"1525",2023-02-16,"5",66.9511350656862,"ENT"
"1526",2023-02-17,"5",66.9289894797569,"ENT"
"1527",2023-02-18,"5",67.1869912893192,"ENT"
"1528",2023-02-19,"5",67.4190858257894,"ENT"
"1529",2023-02-20,"5",67.1507981982891,"ENT"
"1530",2023-02-21,"5",68.4335600226206,"ENT"
"1531",2023-02-22,"5",67.8269186300945,"ENT"
"1532",2023-02-23,"5",67.1086118762022,"ENT"
"1533",2023-02-24,"5",68.2781772550233,"ENT"
"1534",2023-02-25,"5",69.5905829050831,"ENT"
"1535",2023-02-26,"5",70.5321418660493,"ENT"
"1536",2023-02-27,"5",71.1552187928146,"ENT"
"1537",2023-02-28,"5",71.0658363417747,"ENT"
"1538",2023-03-01,"5",70.6204863517799,"ENT"
"1539",2023-03-02,"5",70.3101641111976,"ENT"
"1540",2023-03-03,"5",70.4000509884712,"ENT"
"1541",2023-03-04,"5",69.7641570589573,"ENT"
"1542",2023-03-05,"5",70.0650105492981,"ENT"
"1543",2023-03-06,"5",69.2668131782602,"ENT"
"1544",2023-03-07,"5",67.9236204785439,"ENT"
"1545",2023-03-08,"5",67.1552131044473,"ENT"
"1546",2023-03-09,"5",67.7265575859465,"ENT"
"1547",2023-03-10,"5",68.0139314747964,"ENT"
"1548",2023-03-11,"5",69.2961705081004,"ENT"
"1549",2023-03-12,"5",68.1285547893062,"ENT"
"1550",2023-03-13,"5",67.2702988323122,"ENT"
"1551",2023-03-14,"5",67.9824216604016,"ENT"
"1552",2023-03-15,"5",66.224122478323,"ENT"
"1553",2023-03-16,"5",66.4828966540764,"ENT"
"1554",2023-03-17,"5",66.1637587791433,"ENT"
"1555",2023-03-18,"5",65.9943825956211,"ENT"
"1556",2023-03-19,"5",67.3147773843992,"ENT"
"1557",2023-03-20,"5",66.6721374821985,"ENT"
"1558",2023-03-21,"5",66.4699456430155,"ENT"
"1559",2023-03-22,"5",66.9939894526084,"ENT"
"1560",2023-03-23,"5",66.8387607579881,"ENT"
"1561",2023-03-24,"5",67.8322373701494,"ENT"
"1562",2023-03-25,"5",67.9756661227225,"ENT"
"1563",2023-03-26,"5",68.0767589224987,"ENT"
"1564",2023-03-27,"5",69.1177851441683,"ENT"
"1565",2023-03-28,"5",70.8579350891006,"ENT"
"1566",2023-03-29,"5",69.1555020281983,"ENT"
"1567",2023-03-30,"5",68.4284635631982,"ENT"
"1568",2023-03-31,"5",67.7658125718055,"ENT"
"1569",2023-04-01,"5",67.5280560450789,"ENT"
"1570",2023-04-02,"5",66.3937664422012,"ENT"
"1571",2023-04-03,"5",66.3508862557363,"ENT"
"1572",2023-04-04,"5",67.1074258734307,"ENT"
"1573",2023-04-05,"5",65.8479890861642,"ENT"
"1574",2023-04-06,"5",66.653386343108,"ENT"
"1575",2023-04-07,"5",65.6665026778772,"ENT"
"1576",2023-04-08,"5",66.5723288595005,"ENT"
"1577",2023-04-09,"5",66.3391800075861,"ENT"
"1578",2023-04-10,"5",68.3652430560332,"ENT"
"1579",2023-04-11,"5",69.6580757724846,"ENT"
"1580",2023-04-12,"5",67.9303751548467,"ENT"
"1581",2023-04-13,"5",66.4668394270029,"ENT"
"1582",2023-04-14,"5",66.2621228670296,"ENT"
"1583",2023-04-15,"5",66.0543582394854,"ENT"
"1584",2023-04-16,"5",65.444915603741,"ENT"
"1585",2023-04-17,"5",65.0172184512197,"ENT"
"1586",2023-04-18,"5",66.4429432872871,"ENT"
"1587",2023-04-19,"5",65.1661764665834,"ENT"
"1588",2023-04-20,"5",64.6351377332079,"ENT"
"1589",2023-04-21,"5",64.2750957517205,"ENT"
"1590",2023-04-22,"5",64.5122592342462,"ENT"
"1591",2023-04-23,"5",64.0139465800143,"ENT"
"1592",2023-04-24,"5",63.0344843077667,"ENT"
"1593",2023-04-25,"5",63.8443967927012,"ENT"
"1594",2023-04-26,"5",62.8074073334226,"ENT"
"1595",2023-04-27,"5",62.804386097417,"ENT"
"1596",2023-04-28,"5",62.6972214429741,"ENT"
"1597",2023-04-29,"5",63.9149132026863,"ENT"
"1598",2023-04-30,"5",63.91995135117,"ENT"
"1599",2023-05-01,"5",63.388854237427,"ENT"
"1600",2023-05-02,"5",63.2956021533692,"ENT"
"1601",2023-05-03,"5",63.2796486747612,"ENT"
"1602",2023-05-04,"5",62.1702879441571,"ENT"
"1603",2023-05-05,"5",61.9373113785265,"ENT"
"1604",2023-05-06,"5",60.8617034181027,"ENT"
"1605",2023-05-07,"5",60.0852538378432,"ENT"
"1606",2023-05-08,"5",59.9779487099482,"ENT"
"1607",2023-05-09,"5",59.6980849840477,"ENT"
"1608",2023-05-10,"5",59.8221445251699,"ENT"
"1609",2023-05-11,"5",58.8006866064617,"ENT"
"1610",2023-05-12,"5",57.4694437595586,"ENT"
"1611",2023-05-13,"5",56.1130211564709,"ENT"
"1612",2023-05-14,"5",57.9072986466632,"ENT"
"1613",2023-05-15,"5",57.6696966537528,"ENT"
"1614",2023-05-16,"5",57.787662835496,"ENT"
"1615",2023-05-17,"5",58.2593536459047,"ENT"
"1616",2023-05-18,"5",59.6772422063144,"ENT"
"1617",2023-05-19,"5",60.1529653007486,"ENT"
"1618",2023-05-20,"5",60.9272233401091,"ENT"
"1619",2023-05-21,"5",61.0110924234916,"ENT"
"1620",2023-05-22,"5",60.9410817233185,"ENT"
"1621",2023-05-23,"5",61.0924381970435,"ENT"
"1622",2023-05-24,"5",61.0857200508572,"ENT"
"1623",2023-05-25,"5",61.0821612496064,"ENT"
"1624",2023-05-26,"5",60.3966142145053,"ENT"
"1625",2023-05-27,"5",59.7455046350729,"ENT"
"1626",2023-05-28,"5",59.7065552753951,"ENT"
"1627",2023-05-29,"5",58.3389818054845,"ENT"
"1628",2023-05-30,"5",59.2236584638234,"ENT"
"1629",2023-05-31,"5",59.0503290301209,"ENT"
"1630",2023-06-01,"5",58.9486844860659,"ENT"
"1631",2023-06-02,"5",59.5504033052696,"ENT"
"1632",2023-06-03,"5",60.06662735293,"ENT"
"1633",2023-06-04,"5",59.6753391214613,"ENT"
"1634",2023-06-05,"5",58.2944890036792,"ENT"
"1635",2023-06-06,"5",58.2297610926595,"ENT"
"1636",2023-06-07,"5",57.9279950404016,"ENT"
"1637",2023-06-08,"5",58.3289637798764,"ENT"
"1638",2023-06-09,"5",56.9673063712253,"ENT"
"1639",2023-06-10,"5",55.9238127122498,"ENT"
"1640",2023-06-11,"5",54.7334259032302,"ENT"
"1641",2023-06-12,"5",55.8324366466054,"ENT"
"1642",2023-06-13,"5",56.4019982294593,"ENT"
"1643",2023-06-14,"5",57.1783321427113,"ENT"
"1644",2023-06-15,"5",57.453932094253,"ENT"
"1645",2023-06-16,"5",58.5312364253128,"ENT"
"1646",2023-06-17,"5",58.0677396657868,"ENT"
"1647",2023-06-18,"5",59.2700135503909,"ENT"
"1648",2023-06-19,"5",60.9628311891524,"ENT"
"1649",2023-06-20,"5",61.0176111242766,"ENT"
"1650",2023-06-21,"5",60.5404374270512,"ENT"
"1651",2023-06-22,"5",60.351133695307,"ENT"
"1652",2023-06-23,"5",60.522427758762,"ENT"
"1653",2023-06-24,"5",60.4208588876394,"ENT"
"1654",2023-06-25,"5",60.0137092410425,"ENT"
"1655",2023-06-26,"5",61.0658519871374,"ENT"
"1656",2023-06-27,"5",60.8232020891419,"ENT"
"1657",2023-06-28,"5",60.678736639326,"ENT"
"1658",2023-06-29,"5",60.190804626963,"ENT"
"1659",2023-06-30,"5",61.8667357515834,"ENT"
"1660",2023-07-01,"5",61.9028041161335,"ENT"
"1661",2023-07-02,"5",62.1656775941183,"ENT"
"1662",2023-07-03,"5",61.9254969374437,"ENT"
"1663",2023-07-04,"5",63.0703318301238,"ENT"
"1664",2023-07-05,"5",62.3287980332211,"ENT"
"1665",2023-07-06,"5",62.2653208053119,"ENT"
"1666",2023-07-07,"5",62.4545848243843,"ENT"
"1667",2023-07-08,"5",63.2043909624173,"ENT"
"1668",2023-07-09,"5",63.4762983235291,"ENT"
"1669",2023-07-10,"5",64.4742808672858,"ENT"
"1670",2023-07-11,"5",64.3743123891327,"ENT"
"1671",2023-07-12,"5",63.6434487534632,"ENT"
"1672",2023-07-13,"5",62.8926411637462,"ENT"
"1673",2023-07-14,"5",63.7495955316236,"ENT"
"1674",2023-07-15,"5",63.0881112752703,"ENT"
"1675",2023-07-16,"5",62.5402915670051,"ENT"
"1676",2023-07-17,"5",61.8638674538839,"ENT"
"1677",2023-07-18,"5",62.1739009733139,"ENT"
"1678",2023-07-19,"5",63.3975931450185,"ENT"
"1679",2023-07-20,"5",63.8139164651343,"ENT"
"1680",2023-07-21,"5",62.681628811715,"ENT"
"1681",2023-07-22,"5",62.2438950513717,"ENT"
"1682",2023-07-23,"5",62.4510510633888,"ENT"
"1683",2023-07-24,"5",62.1239690612806,"ENT"
"1684",2023-07-25,"5",61.5252177904881,"ENT"
"1685",2023-07-26,"5",60.2206229585671,"ENT"
"1686",2023-07-27,"5",59.4274201611546,"ENT"
"1687",2023-07-28,"5",59.2388527066059,"ENT"
"1688",2023-07-29,"5",59.268667083235,"ENT"
"1689",2023-07-30,"5",59.4765577117441,"ENT"
"1690",2023-07-31,"5",59.0651661935002,"ENT"
"1691",2023-08-01,"5",57.99532295523,"ENT"
"1692",2023-08-02,"5",57.8294197713741,"ENT"
"1693",2023-08-03,"5",57.2796275277158,"ENT"
"1694",2023-08-04,"5",57.6670189919842,"ENT"
"1695",2023-08-05,"5",57.8266328856678,"ENT"
"1696",2023-08-06,"5",58.0913430768422,"ENT"
"1697",2023-08-07,"5",58.0225431278436,"ENT"
"1698",2023-08-08,"5",57.6619808860636,"ENT"
"1699",2023-08-09,"5",56.4594092276874,"ENT"
"1700",2023-08-10,"5",56.9881515236596,"ENT"
"1701",2023-08-11,"5",57.3032931833209,"ENT"
"1702",2023-08-12,"5",57.4663729227564,"ENT"
"1703",2023-08-13,"5",57.428587532346,"ENT"
"1704",2023-08-14,"5",56.8221686337288,"ENT"
"1705",2023-08-15,"5",56.8173795235237,"ENT"
"1706",2023-08-16,"5",54.6544813528724,"ENT"
"1707",2023-08-17,"5",54.6935243435629,"ENT"
"1708",2023-08-18,"5",54.7001234482478,"ENT"
"1709",2023-08-19,"5",55.050539340672,"ENT"
"1710",2023-08-20,"5",54.8387132699046,"ENT"
"1711",2023-08-21,"5",54.4356591068723,"ENT"
"1712",2023-08-22,"5",55.4055545953188,"ENT"
"1713",2023-08-23,"5",56.2685014330087,"ENT"
"1714",2023-08-24,"5",56.7537335808533,"ENT"
"1715",2023-08-25,"5",57.0887793007273,"ENT"
"1716",2023-08-26,"5",56.389098474135,"ENT"
"1717",2023-08-27,"5",55.2969438752125,"ENT"
"1718",2023-08-28,"5",54.7227020295573,"ENT"
"1719",2023-08-29,"5",54.9179303683434,"ENT"
"1720",2023-08-30,"5",54.6481679526056,"ENT"
"1721",2023-08-31,"5",53.5223353257783,"ENT"
"1722",2023-09-01,"5",53.2015659434025,"ENT"
"1723",2023-09-02,"5",53.6411933425678,"ENT"
"1724",2023-09-03,"5",53.4709549718567,"ENT"
"1725",2023-09-04,"5",53.6721357566457,"ENT"
"1726",2023-09-05,"5",54.0249750234901,"ENT"
"1727",2023-09-06,"5",54.7717886470742,"ENT"
"1728",2023-09-07,"5",54.8760704570495,"ENT"
"1729",2023-09-08,"5",55.501607339053,"ENT"
"1730",2023-09-09,"5",55.5676196322938,"ENT"
"1731",2023-09-10,"5",55.9769528031603,"ENT"
"1732",2023-09-11,"5",55.6005849542119,"ENT"
"1733",2023-09-12,"5",55.9589427356286,"ENT"
"1734",2023-09-13,"5",54.5445817627465,"ENT"
"1735",2023-09-14,"5",55.7362796543643,"ENT"
"1736",2023-09-15,"5",55.2029515809631,"ENT"
"1737",2023-09-16,"5",55.2346990833318,"ENT"
"1738",2023-09-17,"5",55.7564497534039,"ENT"
"1739",2023-09-18,"5",56.1399335961224,"ENT"
"1740",2023-09-19,"5",57.238338793569,"ENT"
"1741",2023-09-20,"5",55.6707548354149,"ENT"
"1742",2023-09-21,"5",56.352939086337,"ENT"
"1743",2023-09-22,"5",56.1139020643327,"ENT"
"1744",2023-09-23,"5",54.6785242992585,"ENT"
"1745",2023-09-24,"5",55.4895685980297,"ENT"
"1746",2023-09-25,"5",56.6134049866052,"ENT"
"1747",2023-09-26,"5",57.3490104626676,"ENT"
"1748",2023-09-27,"5",56.7999894999392,"ENT"
"1749",2023-09-28,"5",55.8033109679911,"ENT"
"1750",2023-09-29,"5",55.7043388412583,"ENT"
"1751",2023-09-30,"5",54.3814801443906,"ENT"
"1752",2023-10-01,"5",54.7369836989323,"ENT"
"1753",2023-10-02,"5",54.2438820881754,"ENT"
"1754",2023-10-03,"5",54.4927964930139,"ENT"
"1755",2023-10-04,"5",54.9401326372913,"ENT"
"1756",2023-10-05,"5",55.0407032992889,"ENT"
"1757",2023-10-06,"5",55.8622578170209,"ENT"
"1758",2023-10-07,"5",55.4390753212709,"ENT"
"1759",2023-10-08,"5",54.380523301741,"ENT"
"1760",2023-10-09,"5",54.5807592969087,"ENT"
"1761",2023-10-10,"5",53.3507533886416,"ENT"
"1762",2023-10-11,"5",53.5082104907708,"ENT"
"1763",2023-10-12,"5",53.9678665941394,"ENT"
"1764",2023-10-13,"5",53.4482685532257,"ENT"
"1765",2023-10-14,"5",53.4858827488257,"ENT"
"1766",2023-10-15,"5",53.45086303769,"ENT"
"1767",2023-10-16,"5",53.314314455062,"ENT"
"1768",2023-10-17,"5",52.8857402504837,"ENT"
"1769",2023-10-18,"5",52.9357710793799,"ENT"
"1770",2023-10-19,"5",51.7418069816827,"ENT"
"1771",2023-10-20,"5",52.0397974103888,"ENT"
"1772",2023-10-21,"5",51.3013562007574,"ENT"
"1773",2023-10-22,"5",52.2859230095137,"ENT"
"1774",2023-10-23,"5",52.4934587211499,"ENT"
"1775",2023-10-24,"5",54.0471520782607,"ENT"
"1776",2023-10-25,"5",54.0225028045118,"ENT"
"1777",2023-10-26,"5",53.4828548767617,"ENT"
"1778",2023-10-27,"5",53.729880677497,"ENT"
"1779",2023-10-28,"5",53.0209999812488,"ENT"
"1780",2023-10-29,"5",54.0087407678204,"ENT"
"1781",2023-10-30,"5",54.472805442202,"ENT"
"1782",2023-10-31,"5",54.8642467910174,"ENT"
"1783",2023-11-01,"5",54.5090783233576,"ENT"
"1784",2023-11-02,"5",54.9547578333651,"ENT"
"1785",2023-11-03,"5",54.7877773433691,"ENT"
"1786",2023-11-04,"5",54.5108274351754,"ENT"
"1787",2023-11-05,"5",54.7777775795734,"ENT"
"1788",2023-11-06,"5",55.8682520573404,"ENT"
"1789",2023-11-07,"5",57.1528864874826,"ENT"
"1790",2023-11-08,"5",56.0489973537415,"ENT"
"1791",2023-11-09,"5",55.5920670096756,"ENT"
"1792",2023-11-10,"5",54.9047090330196,"ENT"
"1793",2023-11-11,"5",55.3879234795016,"ENT"
"1794",2023-11-12,"5",56.4604384343329,"ENT"
"1795",2023-11-13,"5",56.8461141567289,"ENT"
"1796",2023-11-14,"5",57.0577280503556,"ENT"
"1797",2023-11-15,"5",56.8536003721582,"ENT"
"1798",2023-11-16,"5",57.8613493217791,"ENT"
"1799",2023-11-17,"5",58.3768499228132,"ENT"
"1800",2023-11-18,"5",58.6552931923409,"ENT"
"1801",2023-11-19,"5",57.6918105473541,"ENT"
"1802",2023-11-20,"5",58.0447551054551,"ENT"
"1803",2023-11-21,"5",57.9439906514577,"ENT"
"1804",2023-11-22,"5",58.3592294989715,"ENT"
"1805",2023-11-23,"5",58.2156389220825,"ENT"
"1806",2023-11-24,"5",57.8786364828123,"ENT"
"1807",2023-11-25,"5",57.6712270125715,"ENT"
"1808",2023-11-26,"5",56.1609224881251,"ENT"
"1809",2023-11-27,"5",57.4167925312246,"ENT"
"1810",2023-11-28,"5",58.8080055447021,"ENT"
"1811",2023-11-29,"5",58.7560485862703,"ENT"
"1812",2023-11-30,"5",57.1164377624641,"ENT"
"1813",2023-12-01,"5",56.4312332093269,"ENT"
"1814",2023-12-02,"5",56.8958668831091,"ENT"
"1815",2023-12-03,"5",56.4966365609977,"ENT"
"1816",2023-12-04,"5",55.3619896516414,"ENT"
"1817",2023-12-05,"5",56.2239401361115,"ENT"
"1818",2023-12-06,"5",54.7831433987276,"ENT"
"1819",2023-12-07,"5",54.0346914832508,"ENT"
"1820",2023-12-08,"5",55.4689530441179,"ENT"
"1821",2023-12-09,"5",55.1796645730667,"ENT"
"1822",2023-12-10,"5",54.7511497716993,"ENT"
"1823",2023-12-11,"5",54.9490951057756,"ENT"
"1824",2023-12-12,"5",55.6292170318476,"ENT"
"1825",2023-12-13,"5",55.8209132958272,"ENT"
